ts,id.orig_h,id.orig_p,id.resp_h,id.resp_p,proto,duration,orig_bytes,resp_bytes,conn_state,orig_pkts,orig_ip_bytes,resp_pkts,resp_ip_bytes
19.981745,fd2d:ab8c:225:0:81d3:fd3e:7f62:aec8,56464,fd2d:ab8c:225::1,53,udp,0.136721,34,50,SF,1,82,1,98
20.119134,fd2d:ab8c:225:0:81d3:fd3e:7f62:aec8,64084,fd2d:ab8c:225::1,53,udp,0.008221,34,62,SF,1,82,1,110
32.990827,fe80::5dd3:6bb3:7720:1e83,55831,ff02::1:3,5355,udp,0.123889,44,0,S0,2,140,0,0
32.990991,192.168.1.114,60549,224.0.0.252,5355,udp,0.123763,44,0,S0,2,100,0,0
33.368054,192.168.1.114,137,192.168.1.255,137,udp,1.502603,150,0,S0,3,234,0,0
50.751677,fe80::5dd3:6bb3:7720:1e83,60038,ff02::1:3,5355,udp,0.091234,58,0,S0,2,154,0,0
50.751867,192.168.1.114,63642,224.0.0.252,5355,udp,0.09116,58,0,S0,2,114,0,0
50.780009,fe80::5dd3:6bb3:7720:1e83,49881,ff02::1:3,5355,udp,0.093536,52,0,S0,2,148,0,0
50.780151,192.168.1.114,53942,224.0.0.252,5355,udp,0.093559,52,0,S0,2,108,0,0
50.781154,fe80::5dd3:6bb3:7720:1e83,54826,ff02::1:3,5355,udp,0.093908,58,0,S0,2,154,0,0
50.78132,192.168.1.114,56113,224.0.0.252,5355,udp,0.093968,58,0,S0,2,114,0,0
51.047127,192.168.1.114,137,192.168.1.255,137,udp,1.523569,450,0,S0,9,702,0,0
15.230937,  ,135,ff02::1:ff7f:abb3,136,icmp,0.000075,32,0,OTH,2,128,0,0
15.231084,::,135,ff02::1:ff62:aec8,136,icmp,-,-,-,OTH,1,64,0,0
15.231147,::,135,ff02::1:ff00:2c6,136,icmp,1.992389,32,0,OTH,2,128,0,0
15.231215,fe80::e8ff:97da:2f7f:abb3,133,ff02::2,134,icmp,8.020694,24,0,OTH,3,168,0,0
15.231308,fe80::e8ff:97da:2f7f:abb3,131,ff02::1:ff7f:abb3,130,icmp,5.527026,48,0,OTH,3,216,0,0
15.231389,fe80::e8ff:97da:2f7f:abb3,131,ff02::1:ff62:aec8,130,icmp,11.525402,48,0,OTH,3,216,0,0
15.231463,fe80::e8ff:97da:2f7f:abb3,131,ff02::1:ff00:2c6,130,icmp,7.519872,80,0,OTH,5,360,0,0
15.232693,fe80::da58:d7ff:fe00:f72,134,fe80::e8ff:97da:2f7f:abb3,133,icmp,8.020843,408,0,OTH,3,552,0,0
15.941946,fe80::e8ff:97da:2f7f:abb3,546,ff02::1:2,547,udp,1.16135,310,0,S0,3,454,0,0
15.943102,fe80::da58:d7ff:fe00:f72,547,fe80::e8ff:97da:2f7f:abb3,546,udp,1.161349,375,0,S0,3,519,0,0
15.944654,fe80::e8ff:97da:2f7f:abb3,132,ff02::2,0,icmp,-,-,-,OTH,1,72,0,0
15.944814,fe80::da58:d7ff:fe00:f72,130,ff02::1,131,icmp,2.000058,32,0,OTH,2,144,0,0
18.396508,fe80::5dd3:6bb3:7720:1e83,131,ff02::1:ff20:1e83,130,icmp,-,-,-,OTH,1,72,0,0
19.981242,fd2d:ab8c:225:0:81d3:fd3e:7f62:aec8,135,ff02::1:ff00:1,136,icmp,-,-,-,OTH,1,72,0,0
19.981543,fd2d:ab8c:225::1,136,fd2d:ab8c:225:0:81d3:fd3e:7f62:aec8,135,icmp,-,-,-,OTH,1,72,0,0
20.248885,fe80::da58:d7ff:fe00:f72,135,fe80::e8ff:97da:2f7f:abb3,136,icmp,0.000225,24,24,OTH,1,72,1,72
21.401217,fe80::5dd3:6bb3:7720:1e83,131,ff02::1:ff2b:5398,130,icmp,-,-,-,OTH,1,72,0,0
21.582368,fe80::1e6f:65ff:fec0:4392,131,ff02::fb,130,icmp,-,-,-,OTH,1,72,0,0
22.402489,fe80::5dd3:6bb3:7720:1e83,131,ff02::1:ff00:4f7,130,icmp,-,-,-,OTH,1,72,0,0
23.678335,fe80::1e6f:65ff:fec0:4392,131,ff02::1:ffc0:4392,130,icmp,-,-,-,OTH,1,72,0,0
24.984893,fe80::da58:d7ff:fe00:f72,135,fd2d:ab8c:225:0:81d3:fd3e:7f62:aec8,136,icmp,0.000244,24,24,OTH,1,72,1,72
25.254565,fe80::e8ff:97da:2f7f:abb3,135,fe80::da58:d7ff:fe00:f72,136,icmp,0.000328,24,16,OTH,1,72,1,64
31.567008,fd2d:ab8c:225:0:ac00:3290:42b:5398,135,ff02::1:ff00:1,136,icmp,-,-,-,OTH,1,72,0,0
36.65188,fe80::5dd3:6bb3:7720:1e83,135,ff02::1:ff00:f72,136,icmp,-,-,-,OTH,1,72,0,0
117.500871,fe80::da58:d7ff:fe00:f72,134,ff02::1,133,icmp,-,-,-,OTH,1,184,0,0
142.968869,fe80::da58:d7ff:fe00:f72,130,ff02::1,131,icmp,-,-,-,OTH,1,72,0,0
143.009645,fe80::5dd3:6bb3:7720:1e83,131,ff02::1:ff00:4f7,130,icmp,-,-,-,OTH,1,72,0,0
145.257466,fe80::e8ff:97da:2f7f:abb3,131,ff02::1:ff62:aec8,130,icmp,-,-,-,OTH,1,72,0,0
146.75977,fe80::e8ff:97da:2f7f:abb3,131,ff02::1:ff7f:abb3,130,icmp,-,-,-,OTH,1,72,0,0
146.766382,fe80::1e6f:65ff:fec0:4392,131,ff02::1:ffc0:4392,130,icmp,-,-,-,OTH,1,72,0,0
147.01081,fe80::5dd3:6bb3:7720:1e83,131,ff02::1:ff2b:5398,130,icmp,-,-,-,OTH,1,72,0,0
150.158373,fe80::1e6f:65ff:fec0:4392,131,ff02::fb,130,icmp,-,-,-,OTH,1,72,0,0
151.255953,fe80::e8ff:97da:2f7f:abb3,131,ff02::1:ff00:2c6,130,icmp,-,-,-,OTH,1,72,0,0
151.510058,fe80::5dd3:6bb3:7720:1e83,131,ff02::1:ff20:1e83,130,icmp,-,-,-,OTH,1,72,0,0
201.305209,fe80::5dd3:6bb3:7720:1e83,135,ff02::1:ff00:f72,136,icmp,-,-,-,OTH,1,72,0,0
275.388493,192.168.1.115,49159,178.255.83.1,80,tcp,0.08042,232,858,SF,5,444,5,1070
276.026237,192.168.1.115,49160,178.255.83.1,80,tcp,0.07212,234,1115,SF,5,446,5,1327
273.503417,192.168.1.115,49158,85.31.204.81,443,tcp,3.354241,632,5516,SF,9,1004,9,5888
273.053766,fd2d:ab8c:225:0:81d3:fd3e:7f62:aec8,60166,fd2d:ab8c:225::1,53,udp,0.197904,40,136,SF,1,88,1,184
273.252576,fd2d:ab8c:225:0:81d3:fd3e:7f62:aec8,55192,fd2d:ab8c:225::1,53,udp,0.030527,40,148,SF,1,88,1,196
275.094543,fd2d:ab8c:225:0:81d3:fd3e:7f62:aec8,64715,fd2d:ab8c:225::1,53,udp,0.190006,36,52,SF,1,84,1,100
275.285198,fd2d:ab8c:225:0:81d3:fd3e:7f62:aec8,60718,fd2d:ab8c:225::1,53,udp,0.098507,36,64,SF,1,84,1,112
275.386661,fd2d:ab8c:225:0:81d3:fd3e:7f62:aec8,61331,fd2d:ab8c:225::1,53,udp,0.000284,36,52,SF,1,84,1,100
275.387474,fd2d:ab8c:225:0:81d3:fd3e:7f62:aec8,57456,fd2d:ab8c:225::1,53,udp,0.000428,36,64,SF,1,84,1,112
276.022363,fd2d:ab8c:225:0:81d3:fd3e:7f62:aec8,58031,fd2d:ab8c:225::1,53,udp,0.000388,36,52,SF,1,84,1,100
276.023194,fd2d:ab8c:225:0:81d3:fd3e:7f62:aec8,57334,fd2d:ab8c:225::1,53,udp,0.000422,36,64,SF,1,84,1,112
276.024748,fd2d:ab8c:225:0:81d3:fd3e:7f62:aec8,55785,fd2d:ab8c:225::1,53,udp,0.00023,36,52,SF,1,84,1,100
276.025367,fd2d:ab8c:225:0:81d3:fd3e:7f62:aec8,58928,fd2d:ab8c:225::1,53,udp,0.00044,36,64,SF,1,84,1,112
287.84507,fd2d:ab8c:225:0:81d3:fd3e:7f62:aec8,54510,fd2d:ab8c:225::1,53,udp,0.000574,40,136,SF,1,88,1,184
287.846105,fd2d:ab8c:225:0:81d3:fd3e:7f62:aec8,62111,fd2d:ab8c:225::1,53,udp,0.000437,40,148,SF,1,88,1,196
293.774545,192.168.1.115,49162,41.108.179.197,1177,tcp,3.000517,0,0,S0,2,104,0,0
291.575085,fd2d:ab8c:225:0:81d3:fd3e:7f62:aec8,56593,fd2d:ab8c:225::1,53,udp,0.000431,26,26,SF,1,74,1,74
291.576056,fe80::e8ff:97da:2f7f:abb3,57997,ff02::1:3,5355,udp,0.092141,44,0,S0,2,140,0,0
291.576304,192.168.1.115,49837,224.0.0.252,5355,udp,0.092081,44,0,S0,2,100,0,0
293.586071,fd2d:ab8c:225:0:81d3:fd3e:7f62:aec8,58241,fd2d:ab8c:225::1,53,udp,0.142867,34,149,SF,1,82,1,197
298.572209,192.168.1.115,49166,62.4.0.28,80,tcp,0.051346,428,5299,SF,5,640,6,5551
293.729471,fd2d:ab8c:225:0:81d3:fd3e:7f62:aec8,57585,fd2d:ab8c:225::1,53,udp,0.031177,34,94,SF,1,82,1,142
294.100875,fd2d:ab8c:225:0:81d3:fd3e:7f62:aec8,57674,fd2d:ab8c:225::1,53,udp,0.000322,26,26,SF,1,74,1,74
294.101482,fe80::e8ff:97da:2f7f:abb3,54749,ff02::1:3,5355,udp,0.100322,44,0,S0,2,140,0,0
294.101653,192.168.1.115,56066,224.0.0.252,5355,udp,0.10037,44,0,S0,2,100,0,0
300.867062,192.168.1.115,49171,62.4.0.28,80,tcp,0.051023,847,141,SF,5,1059,4,313
300.865611,192.168.1.115,49170,62.4.0.28,80,tcp,0.053132,480,141,SF,5,692,4,313
296.680529,fd2d:ab8c:225:0:81d3:fd3e:7f62:aec8,55402,fd2d:ab8c:225::1,53,udp,0.205535,40,136,SF,1,88,1,184
297.496671,192.168.1.115,49164,85.31.204.81,80,tcp,4.357607,1280,4277,RSTO,9,1652,5,4489
296.918014,192.168.1.115,49163,85.31.204.81,80,tcp,4.933394,1629,23800,RSTO,14,2201,21,24652
301.814057,192.168.1.115,49179,85.31.204.81,80,tcp,0.038163,0,0,RSTO,2,92,1,52
301.814752,192.168.1.115,49182,85.31.204.81,80,tcp,0.038256,0,0,RSTO,2,92,1,52
301.814959,192.168.1.115,49183,85.31.204.81,80,tcp,0.038479,0,0,RSTO,2,92,1,52
301.814358,192.168.1.115,49180,85.31.204.81,80,tcp,0.039133,0,0,RSTO,2,92,1,52
301.81457,192.168.1.115,49181,85.31.204.81,80,tcp,0.039204,0,0,RSTO,2,92,1,52
301.815142,192.168.1.115,49184,85.31.204.81,80,tcp,0.038684,0,0,RSTO,2,92,1,52
296.886602,fd2d:ab8c:225:0:81d3:fd3e:7f62:aec8,62981,fd2d:ab8c:225::1,53,udp,0.03004,40,148,SF,1,88,1,196
301.905375,fd2d:ab8c:225:0:81d3:fd3e:7f62:aec8,59996,fd2d:ab8c:225::1,53,tcp,0.002422,37,661,SF,5,349,4,913
301.958127,192.168.1.115,60000,208.81.233.32,80,tcp,0.238536,414,584,SF,5,626,5,788
301.933194,192.168.1.115,59997,107.21.248.242,80,tcp,0.264241,455,474,SF,5,667,3,606
302.197112,192.168.1.115,60003,208.81.233.32,80,tcp,0.250081,505,579,SF,5,717,5,783
297.502131,fd2d:ab8c:225:0:81d3:fd3e:7f62:aec8,61712,fd2d:ab8c:225::1,53,udp,0.16969,47,103,SF,1,95,1,151
297.672621,fd2d:ab8c:225:0:81d3:fd3e:7f62:aec8,60700,fd2d:ab8c:225::1,53,udp,0.016856,47,115,SF,1,95,1,163
302.774061,192.168.1.115,49162,41.108.179.197,1177,tcp,-,-,-,S0,1,48,0,0
298.479992,fd2d:ab8c:225:0:81d3:fd3e:7f62:aec8,56504,fd2d:ab8c:225::1,53,udp,0.135687,42,102,SF,1,90,1,150
298.527422,fd2d:ab8c:225:0:81d3:fd3e:7f62:aec8,51920,fd2d:ab8c:225::1,53,udp,0.033719,34,83,SF,1,82,1,131
298.561715,fd2d:ab8c:225:0:81d3:fd3e:7f62:aec8,58236,fd2d:ab8c:225::1,53,udp,0.009972,34,111,SF,1,82,1,159
298.616223,fd2d:ab8c:225:0:81d3:fd3e:7f62:aec8,58130,fd2d:ab8c:225::1,53,udp,0.016937,42,114,SF,1,90,1,162
298.764958,fd2d:ab8c:225:0:81d3:fd3e:7f62:aec8,60828,fd2d:ab8c:225::1,53,udp,0.024632,44,124,SF,1,92,1,172
298.790061,fd2d:ab8c:225:0:81d3:fd3e:7f62:aec8,64401,fd2d:ab8c:225::1,53,udp,0.008533,44,184,SF,1,92,1,232
303.922752,192.168.1.115,60030,94.31.6.169,80,tcp,0.058863,582,563,SF,5,794,3,695
303.982082,192.168.1.115,60031,94.31.6.169,80,tcp,0.064282,632,382,SF,5,844,4,554
299.556163,fd2d:ab8c:225:0:81d3:fd3e:7f62:aec8,51332,fd2d:ab8c:225::1,53,udp,0.895134,39,231,SF,1,87,1,279
302.439322,192.168.1.115,60008,23.63.235.163,80,tcp,2.228644,649,2215,RSTO,6,901,5,2427
300.451968,fd2d:ab8c:225:0:81d3:fd3e:7f62:aec8,58878,fd2d:ab8c:225::1,53,udp,0.327291,39,160,SF,1,87,1,208
300.842558,fd2d:ab8c:225:0:81d3:fd3e:7f62:aec8,57739,fd2d:ab8c:225::1,53,udp,0.649869,41,119,SF,1,89,1,167
300.844115,fd2d:ab8c:225:0:81d3:fd3e:7f62:aec8,56549,fd2d:ab8c:225::1,53,udp,0.173713,30,232,SF,1,78,1,280
300.856278,fd2d:ab8c:225:0:81d3:fd3e:7f62:aec8,49588,fd2d:ab8c:225::1,53,udp,0.080814,31,161,SF,1,79,1,209
300.864187,fd2d:ab8c:225:0:81d3:fd3e:7f62:aec8,55379,fd2d:ab8c:225::1,53,udp,0.1144,34,96,SF,1,82,1,144
300.894167,fd2d:ab8c:225:0:81d3:fd3e:7f62:aec8,61586,fd2d:ab8c:225::1,53,udp,0.090882,30,315,SF,1,78,1,363
300.937665,fd2d:ab8c:225:0:81d3:fd3e:7f62:aec8,57315,fd2d:ab8c:225::1,53,udp,0.014759,31,131,SF,1,79,1,179
300.979184,fd2d:ab8c:225:0:81d3:fd3e:7f62:aec8,56488,fd2d:ab8c:225::1,53,udp,0.012042,34,118,SF,1,82,1,166
300.985582,fd2d:ab8c:225:0:81d3:fd3e:7f62:aec8,51624,fd2d:ab8c:225::1,53,udp,0.310232,60,256,SF,2,156,2,352
301.018391,fd2d:ab8c:225:0:81d3:fd3e:7f62:aec8,57569,fd2d:ab8c:225::1,53,udp,0.015162,30,205,SF,1,78,1,253
303.04126,192.168.1.115,60024,54.247.115.15,443,tcp,3.105571,803,5346,SF,10,1227,11,5889
301.285526,fd2d:ab8c:225:0:81d3:fd3e:7f62:aec8,57962,fd2d:ab8c:225::1,53,udp,0.302057,30,248,SF,1,78,1,296
301.503951,fd2d:ab8c:225:0:81d3:fd3e:7f62:aec8,63542,fd2d:ab8c:225::1,53,udp,0.179869,41,151,SF,1,89,1,199
301.505398,fd2d:ab8c:225:0:81d3:fd3e:7f62:aec8,50642,fd2d:ab8c:225::1,53,udp,0.842021,33,388,SF,1,81,1,436
301.588297,fd2d:ab8c:225:0:81d3:fd3e:7f62:aec8,60380,fd2d:ab8c:225::1,53,udp,0.027526,30,144,SF,1,78,1,192
301.771368,fd2d:ab8c:225:0:81d3:fd3e:7f62:aec8,60029,fd2d:ab8c:225::1,53,udp,0.377698,32,397,SF,1,80,1,445
301.771727,fd2d:ab8c:225:0:81d3:fd3e:7f62:aec8,50483,fd2d:ab8c:225::1,53,udp,0.091929,34,211,SF,1,82,1,259
301.788624,fd2d:ab8c:225:0:81d3:fd3e:7f62:aec8,55764,fd2d:ab8c:225::1,53,udp,1.544741,38,367,SF,1,86,1,415
301.78894,fd2d:ab8c:225:0:81d3:fd3e:7f62:aec8,53932,fd2d:ab8c:225::1,53,udp,0.13031,38,77,SF,1,86,1,125
301.789281,fd2d:ab8c:225:0:81d3:fd3e:7f62:aec8,58729,fd2d:ab8c:225::1,53,udp,0.566945,34,210,SF,1,82,1,258
301.789598,fd2d:ab8c:225:0:81d3:fd3e:7f62:aec8,65417,fd2d:ab8c:225::1,53,udp,0.115378,35,378,SF,1,83,1,426
301.789916,fd2d:ab8c:225:0:81d3:fd3e:7f62:aec8,53746,fd2d:ab8c:225::1,53,udp,0.133545,31,200,SF,1,79,1,248
301.790342,fd2d:ab8c:225:0:81d3:fd3e:7f62:aec8,60325,fd2d:ab8c:225::1,53,udp,0.144944,31,69,SF,1,79,1,117
301.790793,fd2d:ab8c:225:0:81d3:fd3e:7f62:aec8,52359,fd2d:ab8c:225::1,53,udp,0.107622,33,110,SF,1,81,1,158
301.794798,fd2d:ab8c:225:0:81d3:fd3e:7f62:aec8,62224,fd2d:ab8c:225::1,53,udp,0.365029,34,211,SF,1,82,1,259
301.86407,fd2d:ab8c:225:0:81d3:fd3e:7f62:aec8,58177,fd2d:ab8c:225::1,53,udp,0.023872,34,136,SF,1,82,1,184
291.868112,192.168.1.115,137,192.168.1.255,137,udp,4.035751,300,0,S0,6,468,0,0
301.899028,fd2d:ab8c:225:0:81d3:fd3e:7f62:aec8,49402,fd2d:ab8c:225::1,53,udp,0.034757,33,95,SF,1,81,1,143
301.908089,fd2d:ab8c:225:0:81d3:fd3e:7f62:aec8,61044,fd2d:ab8c:225::1,53,udp,0.024588,35,120,SF,1,83,1,168
301.919767,fd2d:ab8c:225:0:81d3:fd3e:7f62:aec8,49734,fd2d:ab8c:225::1,53,udp,0.021948,38,121,SF,1,86,1,169
301.923971,fd2d:ab8c:225:0:81d3:fd3e:7f62:aec8,53934,fd2d:ab8c:225::1,53,udp,0.035833,31,112,SF,1,79,1,160
301.935801,fd2d:ab8c:225:0:81d3:fd3e:7f62:aec8,60173,fd2d:ab8c:225::1,53,udp,0.02175,31,118,SF,1,79,1,166
301.974164,fd2d:ab8c:225:0:81d3:fd3e:7f62:aec8,63905,fd2d:ab8c:225::1,53,udp,0.04854,35,204,SF,1,83,1,252
302.027976,fd2d:ab8c:225:0:81d3:fd3e:7f62:aec8,62212,fd2d:ab8c:225::1,53,udp,0.026734,35,100,SF,1,83,1,148
302.149493,fd2d:ab8c:225:0:81d3:fd3e:7f62:aec8,57763,fd2d:ab8c:225::1,53,udp,0.810692,64,434,SF,2,160,2,530
302.160194,fd2d:ab8c:225:0:81d3:fd3e:7f62:aec8,52159,fd2d:ab8c:225::1,53,udp,0.682109,34,136,SF,1,82,1,184
302.241434,fd2d:ab8c:225:0:81d3:fd3e:7f62:aec8,58154,fd2d:ab8c:225::1,53,udp,0.056424,32,162,SF,1,80,1,210
302.298807,fd2d:ab8c:225:0:81d3:fd3e:7f62:aec8,63199,fd2d:ab8c:225::1,53,udp,0.015006,32,132,SF,1,80,1,180
302.303027,fd2d:ab8c:225:0:81d3:fd3e:7f62:aec8,55390,fd2d:ab8c:225::1,53,udp,0.058555,36,73,SF,1,84,1,121
302.334035,fd2d:ab8c:225:0:81d3:fd3e:7f62:aec8,62902,fd2d:ab8c:225::1,53,udp,0.026398,32,162,SF,1,80,1,210
302.334683,fd2d:ab8c:225:0:81d3:fd3e:7f62:aec8,55661,fd2d:ab8c:225::1,53,udp,0.094786,45,148,SF,1,93,1,196
302.347941,fd2d:ab8c:225:0:81d3:fd3e:7f62:aec8,50032,fd2d:ab8c:225::1,53,udp,0.323567,33,208,SF,1,81,1,256
302.356723,fd2d:ab8c:225:0:81d3:fd3e:7f62:aec8,53512,fd2d:ab8c:225::1,53,udp,0.358322,34,135,SF,1,82,1,183
302.360926,fd2d:ab8c:225:0:81d3:fd3e:7f62:aec8,55342,fd2d:ab8c:225::1,53,udp,0.000925,32,132,SF,1,80,1,180
302.362054,fd2d:ab8c:225:0:81d3:fd3e:7f62:aec8,60907,fd2d:ab8c:225::1,53,udp,0.01973,36,117,SF,1,84,1,165
302.429973,fd2d:ab8c:225:0:81d3:fd3e:7f62:aec8,50129,fd2d:ab8c:225::1,53,udp,0.008207,45,190,SF,1,93,1,238
302.672063,192.168.1.115,60010,54.247.115.15,80,tcp,4.791372,435,588,SF,6,699,6,1428
302.586628,fd2d:ab8c:225:0:81d3:fd3e:7f62:aec8,51483,fd2d:ab8c:225::1,53,udp,0.054734,31,232,SF,1,79,1,280
302.601255,fd2d:ab8c:225:0:81d3:fd3e:7f62:aec8,55940,fd2d:ab8c:225::1,53,udp,0.337313,34,375,SF,1,82,1,423
302.641946,fd2d:ab8c:225:0:81d3:fd3e:7f62:aec8,53230,fd2d:ab8c:225::1,53,udp,0.073053,31,108,SF,1,79,1,156
302.717612,fd2d:ab8c:225:0:81d3:fd3e:7f62:aec8,60550,fd2d:ab8c:225::1,53,udp,0.076732,29,83,SF,1,77,1,131
302.79466,192.168.1.115,60027,8.8.8.8,53,udp,0.001346,38,233,SF,1,66,1,261
302.795065,fd2d:ab8c:225:0:81d3:fd3e:7f62:aec8,56723,fd2d:ab8c:225::1,53,udp,0.019387,29,95,SF,1,77,1,143
302.796558,192.168.1.115,52863,8.8.8.8,53,udp,0.027163,38,219,SF,1,66,1,247
302.939607,fd2d:ab8c:225:0:81d3:fd3e:7f62:aec8,56580,fd2d:ab8c:225::1,53,udp,0.30578,34,192,SF,1,82,1,240
303.462269,fd2d:ab8c:225:0:81d3:fd3e:7f62:aec8,50211,fd2d:ab8c:225::1,53,udp,0.655007,29,383,SF,1,77,1,431
303.605189,192.168.1.115,56558,8.8.8.8,53,udp,0.026198,33,217,SF,1,61,1,245
303.631909,192.168.1.115,58245,8.8.8.8,53,udp,0.026091,33,173,SF,1,61,1,201
303.71597,fd2d:ab8c:225:0:81d3:fd3e:7f62:aec8,62624,fd2d:ab8c:225::1,53,udp,0.30285,34,252,SF,1,82,1,300
303.716309,fd2d:ab8c:225:0:81d3:fd3e:7f62:aec8,57981,fd2d:ab8c:225::1,53,udp,0.169126,35,162,SF,1,83,1,210
303.885786,fd2d:ab8c:225:0:81d3:fd3e:7f62:aec8,58504,fd2d:ab8c:225::1,53,udp,0.021358,35,131,SF,1,83,1,179
304.019428,fd2d:ab8c:225:0:81d3:fd3e:7f62:aec8,56610,fd2d:ab8c:225::1,53,udp,0.026632,34,148,SF,1,82,1,196
304.117903,fd2d:ab8c:225:0:81d3:fd3e:7f62:aec8,64944,fd2d:ab8c:225::1,53,udp,0.034124,29,196,SF,1,77,1,244
304.366692,192.168.1.115,52848,8.8.8.8,53,udp,0.017194,48,208,SF,1,76,1,236
304.384425,192.168.1.115,60144,8.8.8.8,53,udp,0.054337,144,724,SF,3,228,3,808
304.438296,fd2d:ab8c:225:0:81d3:fd3e:7f62:aec8,50273,fd2d:ab8c:225::1,53,udp,0.936854,48,208,SF,1,96,1,256
302.824141,192.168.1.115,60014,50.19.82.249,80,tcp,6.917078,376,373,RSTO,6,628,4,545
305.375932,fd2d:ab8c:225:0:81d3:fd3e:7f62:aec8,53848,fd2d:ab8c:225::1,53,udp,0.001784,48,232,SF,1,96,1,280
306.433001,fd2d:ab8c:225:0:81d3:fd3e:7f62:aec8,61640,fd2d:ab8c:225::1,53,udp,0.128824,40,136,SF,1,88,1,184
306.563532,fd2d:ab8c:225:0:81d3:fd3e:7f62:aec8,53048,fd2d:ab8c:225::1,53,udp,0.030026,40,148,SF,1,88,1,196
309.621034,fd2d:ab8c:225:0:81d3:fd3e:7f62:aec8,59290,fd2d:ab8c:225::1,53,udp,0.072526,39,80,SF,1,87,1,128
309.694155,fd2d:ab8c:225:0:81d3:fd3e:7f62:aec8,58650,fd2d:ab8c:225::1,53,udp,0.01234,39,118,SF,1,87,1,166
309.781303,fd2d:ab8c:225:0:81d3:fd3e:7f62:aec8,53978,fd2d:ab8c:225::1,53,udp,0.01235,39,80,SF,1,87,1,128
309.794141,fd2d:ab8c:225:0:81d3:fd3e:7f62:aec8,58283,fd2d:ab8c:225::1,53,udp,0.000577,39,118,SF,1,87,1,166
304.047398,192.168.1.115,60032,185.33.220.197,80,tcp,11.425272,646,1073,RSTO,7,950,5,2358
302.056773,192.168.1.115,60002,37.252.172.80,80,tcp,13.416278,5894,6786,RSTO,14,6466,13,8155
302.716484,192.168.1.115,60012,169.47.30.64,80,tcp,12.756832,1185,1318,RSTO,7,1477,6,1562
309.624843,192.168.1.115,60038,54.247.115.15,443,tcp,5.848893,808,1006,RSTO,8,1140,7,1298
310.39142,192.168.1.115,60041,54.247.115.15,80,tcp,5.082519,2302,604,RSTO,7,2594,5,816
301.785917,192.168.1.115,49178,37.252.172.39,80,tcp,13.688238,1864,3640,RSTO,9,2248,8,5032
301.662602,192.168.1.115,49176,37.252.172.39,80,tcp,13.811802,3303,9904,RSTO,13,3835,12,10388
302.60088,fd2d:ab8c:225:0:81d3:fd3e:7f62:aec8,65027,fd2d:ab8c:225::1,53,udp,1.167292,33,354,SF,1,81,1,402
303.366186,fd2d:ab8c:225:0:81d3:fd3e:7f62:aec8,55730,fd2d:ab8c:225::1,53,udp,2.009003,48,208,SF,1,96,1,256
319.775942,192.168.1.115,60042,41.108.179.197,1177,tcp,2.997187,0,0,S0,2,104,0,0
300.995562,192.168.1.115,49173,137.74.125.58,80,tcp,19.484005,392,725,RSTO,6,644,3,849
268.408794,fe80::da58:d7ff:fe00:f72,130,ff02::1,131,icmp,-,-,-,OTH,1,72,0,0
268.563026,fe80::5dd3:6bb3:7720:1e83,131,ff02::1:ff2b:5398,130,icmp,-,-,-,OTH,1,72,0,0
319.44412,fd2d:ab8c:225:0:81d3:fd3e:7f62:aec8,60072,fd2d:ab8c:225::1,53,udp,0.269634,34,50,SF,1,82,1,98
319.714376,fd2d:ab8c:225:0:81d3:fd3e:7f62:aec8,51990,fd2d:ab8c:225::1,53,udp,0.014977,34,94,SF,1,82,1,142
309.795236,192.168.1.115,60040,87.98.169.74,80,tcp,15.691845,464,406,RSTO,6,716,3,538
309.715826,192.168.1.115,60039,87.98.169.74,80,tcp,15.771574,874,723,RSTO,7,1166,4,887
270.574345,fe80::1e6f:65ff:fec0:4392,131,ff02::fb,130,icmp,-,-,-,OTH,1,72,0,0
271.059361,fe80::5dd3:6bb3:7720:1e83,131,ff02::1:ff00:4f7,130,icmp,-,-,-,OTH,1,72,0,0
273.053297,fd2d:ab8c:225:0:81d3:fd3e:7f62:aec8,135,ff02::1:ff00:1,136,icmp,-,-,-,OTH,1,72,0,0
273.05357,fd2d:ab8c:225::1,136,fd2d:ab8c:225:0:81d3:fd3e:7f62:aec8,135,icmp,-,-,-,OTH,1,72,0,0
273.25127,fe80::e8ff:97da:2f7f:abb3,131,ff02::1:ff62:aec8,130,icmp,-,-,-,OTH,1,72,0,0
273.251401,fe80::e8ff:97da:2f7f:abb3,131,ff02::1:ff00:2c6,130,icmp,-,-,-,OTH,1,72,0,0
328.771204,192.168.1.115,60042,41.108.179.197,1177,tcp,-,-,-,S0,1,48,0,0
274.058831,fe80::5dd3:6bb3:7720:1e83,131,ff02::1:ff20:1e83,130,icmp,-,-,-,OTH,1,72,0,0
276.654415,fe80::1e6f:65ff:fec0:4392,131,ff02::1:ffc0:4392,130,icmp,-,-,-,OTH,1,72,0,0
277.757653,fe80::e8ff:97da:2f7f:abb3,131,ff02::1:ff7f:abb3,130,icmp,-,-,-,OTH,1,72,0,0
278.056779,fe80::da58:d7ff:fe00:f72,135,fd2d:ab8c:225:0:81d3:fd3e:7f62:aec8,136,icmp,0.000503,24,24,OTH,1,72,1,72
278.056962,fe80::e8ff:97da:2f7f:abb3,135,ff02::1:ff00:f72,136,icmp,-,-,-,OTH,1,72,0,0
278.057173,fe80::da58:d7ff:fe00:f72,136,fe80::e8ff:97da:2f7f:abb3,135,icmp,-,-,-,OTH,1,72,0,0
302.716098,192.168.1.115,60011,54.243.215.204,80,tcp,32.785234,400,509,RSTO,6,652,4,673
301.934344,192.168.1.115,59998,195.154.148.18,80,tcp,33.567332,440,939,RSTO,7,744,5,2090
283.064783,fe80::da58:d7ff:fe00:f72,135,fe80::e8ff:97da:2f7f:abb3,136,icmp,0.000099,24,24,OTH,1,72,1,72
342.788472,192.168.1.115,60043,41.108.179.197,1177,tcp,2.997504,0,0,S0,2,104,0,0
298.799068,192.168.1.115,49168,104.16.236.23,80,tcp,46.717,429,9311,RSTO,6,681,11,9763
342.786653,fd2d:ab8c:225:0:81d3:fd3e:7f62:aec8,56053,fd2d:ab8c:225::1,53,udp,0.00038,34,50,SF,1,82,1,98
342.787538,fd2d:ab8c:225:0:81d3:fd3e:7f62:aec8,49415,fd2d:ab8c:225::1,53,udp,0.000455,34,94,SF,1,82,1,142
351.78483,192.168.1.115,60043,41.108.179.197,1177,tcp,-,-,-,S0,1,48,0,0
304.434167,192.168.1.115,3,8.8.8.8,3,icmp,-,-,-,OTH,1,316,0,0
273.615956,192.168.1.2,5,192.168.1.115,1,icmp,31.052146,1086,0,OTH,5,1226,0,0
302.960395,fd2d:ab8c:225:0:81d3:fd3e:7f62:aec8,1,fd2d:ab8c:225::1,4,icmp,2.415017,923,0,OTH,3,1067,0,0
298.633745,192.168.1.115,49167,216.58.201.78,80,tcp,61.903211,1208,12763,RSTO,9,1580,12,13255
297.689961,192.168.1.115,49165,172.217.23.226,80,tcp,62.847298,419,20303,RSTO,9,791,17,20995
305.378462,192.168.1.115,60034,92.123.140.25,80,tcp,60.135913,301,51277,RSTO,11,753,38,52809
304.152714,192.168.1.115,60033,54.149.124.73,80,tcp,61.391731,938,1178,RSTO,7,1230,5,1390
302.815129,192.168.1.115,60013,216.58.201.70,443,tcp,62.729736,735,4949,RSTO,8,1067,7,5241
303.24619,192.168.1.115,60025,46.137.175.205,80,tcp,62.298916,921,1740,RSTO,7,1225,6,2924
303.659716,192.168.1.115,60029,52.57.198.59,80,tcp,61.885633,572,645,RSTO,7,876,5,1502
303.65941,192.168.1.115,60028,52.57.198.59,80,tcp,61.886136,605,661,RSTO,7,909,5,1534
303.659114,192.168.1.115,60027,52.57.198.59,80,tcp,61.886628,520,852,RSTO,7,824,5,1916
303.658764,192.168.1.115,60026,52.57.198.59,443,tcp,61.887255,1544,6361,RSTO,14,2152,13,8380
302.438864,192.168.1.115,60007,23.63.235.163,80,tcp,63.107433,641,1795,RSTO,5,853,4,1967
302.439834,192.168.1.115,60009,23.63.235.163,80,tcp,63.106676,640,1795,RSTO,5,852,4,1967
302.36245,192.168.1.115,60005,151.101.37.108,80,tcp,63.184304,718,1171,RSTO,6,982,4,2514
302.382496,192.168.1.115,60006,216.58.201.70,443,tcp,63.164587,1014,4469,RSTO,8,1346,7,4761
302.314293,192.168.1.115,60004,151.101.37.108,80,tcp,63.233029,604,65236,RSTO,23,1536,47,67128
302.844635,192.168.1.115,60017,52.0.95.231,80,tcp,62.702924,767,767,RSTO,6,1019,4,939
302.844132,192.168.1.115,60015,52.0.95.231,80,tcp,62.703624,750,767,RSTO,6,1002,4,939
302.844344,192.168.1.115,60016,52.0.95.231,80,tcp,62.703606,772,432,RSTO,6,1024,4,604
302.845333,192.168.1.115,60021,52.0.95.231,80,tcp,62.702822,748,767,RSTO,6,1000,4,939
303.031198,192.168.1.115,60023,52.0.95.231,80,tcp,62.517151,748,767,RSTO,6,1000,4,939
302.845136,192.168.1.115,60020,52.0.95.231,80,tcp,62.703408,1522,1534,RSTO,7,1814,5,1746
302.844976,192.168.1.115,60019,52.0.95.231,80,tcp,62.70376,1645,1534,RSTO,7,1937,5,1746
302.844778,192.168.1.115,60018,52.0.95.231,80,tcp,62.704151,768,994,RSTO,6,1020,4,1166
301.960436,192.168.1.115,60001,176.34.135.1,80,tcp,63.588725,823,906,RSTO,7,1115,5,1110
301.94449,192.168.1.115,59999,172.217.23.194,80,tcp,63.604915,834,2178,RSTO,6,1098,5,3638
301.888694,192.168.1.115,49185,185.29.133.52,80,tcp,63.660958,971,1268,RSTO,6,1235,5,2121
302.959568,192.168.1.115,60022,54.76.155.13,80,tcp,62.590319,1143,1419,RSTO,7,1447,6,2372
301.296342,192.168.1.115,49175,52.54.8.112,80,tcp,64.253781,1090,1802,RSTO,7,1382,5,2014
300.953003,192.168.1.115,49172,151.101.37.108,80,tcp,64.597425,950,31311,RSTO,15,1562,25,32323
301.684323,192.168.1.115,49177,52.94.216.48,80,tcp,63.86637,508,229,RSTO,5,720,3,357
300.779849,192.168.1.115,49169,13.32.23.84,80,tcp,64.771089,403,4465,RSTO,5,615,6,4717
366.060276,192.168.1.115,60044,41.108.179.197,1177,tcp,3.009277,0,0,S0,2,104,0,0
306.594332,192.168.1.115,60036,85.31.204.81,80,tcp,60.161551,357,609,RSTO,5,569,2,701
301.033974,192.168.1.115,49174,151.101.36.175,80,tcp,69.517387,2358,422705,RSTO,117,7062,298,435446
306.406363,192.168.1.115,60035,85.31.204.81,80,tcp,64.145293,342,3475,RSTO,5,554,4,3647
365.789354,fd2d:ab8c:225:0:81d3:fd3e:7f62:aec8,60668,fd2d:ab8c:225::1,53,udp,0.154194,34,50,SF,1,82,1,98
365.944102,fd2d:ab8c:225:0:81d3:fd3e:7f62:aec8,59074,fd2d:ab8c:225::1,53,udp,0.115565,34,94,SF,1,82,1,142
375.077875,192.168.1.115,60044,41.108.179.197,1177,tcp,-,-,-,S0,1,48,0,0
389.083877,192.168.1.115,60045,41.108.179.197,1177,tcp,2.998915,0,0,S0,2,104,0,0
389.082055,fd2d:ab8c:225:0:81d3:fd3e:7f62:aec8,64894,fd2d:ab8c:225::1,53,udp,0.000403,34,50,SF,1,82,1,98
389.082944,fd2d:ab8c:225:0:81d3:fd3e:7f62:aec8,49367,fd2d:ab8c:225::1,53,udp,0.00044,34,94,SF,1,82,1,142
398.080787,192.168.1.115,60045,41.108.179.197,1177,tcp,-,-,-,S0,1,48,0,0
347.801019,fe80::e8ff:97da:2f7f:abb3,135,ff02::1:ff00:f72,136,icmp,-,-,-,OTH,1,72,0,0
287.853699,192.168.1.115,49161,85.31.204.81,443,tcp,123.797298,35441,5601,RSTR,38,36975,26,6677
412.114528,192.168.1.115,60046,41.108.179.197,1177,tcp,3.001081,0,0,S0,2,104,0,0
412.112622,fd2d:ab8c:225:0:81d3:fd3e:7f62:aec8,55035,fd2d:ab8c:225::1,53,udp,0.00038,34,50,SF,1,82,1,98
412.113497,fd2d:ab8c:225:0:81d3:fd3e:7f62:aec8,62441,fd2d:ab8c:225::1,53,udp,0.000475,34,94,SF,1,82,1,142
363.73555,fe80::da58:d7ff:fe00:f72,134,ff02::1,133,icmp,-,-,-,OTH,1,184,0,0
421.113985,192.168.1.115,60046,41.108.179.197,1177,tcp,-,-,-,S0,1,48,0,0
435.151027,192.168.1.115,60047,41.108.179.197,1177,tcp,3.007554,0,0,S0,2,104,0,0
435.118972,fd2d:ab8c:225:0:81d3:fd3e:7f62:aec8,53325,fd2d:ab8c:225::1,53,udp,0.030428,34,149,SF,1,82,1,197
435.149961,fd2d:ab8c:225:0:81d3:fd3e:7f62:aec8,64765,fd2d:ab8c:225::1,53,udp,0.000527,34,94,SF,1,82,1,142
444.157699,192.168.1.115,60047,41.108.179.197,1177,tcp,-,-,-,S0,1,48,0,0
393.848774,fe80::da58:d7ff:fe00:f72,130,ff02::1,131,icmp,-,-,-,OTH,1,72,0,0
394.120483,fe80::5dd3:6bb3:7720:1e83,131,ff02::1:ff2b:5398,130,icmp,-,-,-,OTH,1,72,0,0
394.265498,fe80::e8ff:97da:2f7f:abb3,131,ff02::1:ff62:aec8,130,icmp,-,-,-,OTH,1,72,0,0
395.834403,fe80::1e6f:65ff:fec0:4392,131,ff02::1:ffc0:4392,130,icmp,-,-,-,OTH,1,72,0,0
396.158344,fe80::1e6f:65ff:fec0:4392,131,ff02::fb,130,icmp,-,-,-,OTH,1,72,0,0
396.268734,fe80::e8ff:97da:2f7f:abb3,131,ff02::1:ff7f:abb3,130,icmp,-,-,-,OTH,1,72,0,0
396.604213,fe80::5dd3:6bb3:7720:1e83,131,ff02::1:ff20:1e83,130,icmp,-,-,-,OTH,1,72,0,0
399.117685,fe80::5dd3:6bb3:7720:1e83,131,ff02::1:ff00:4f7,130,icmp,-,-,-,OTH,1,72,0,0
400.263958,fe80::e8ff:97da:2f7f:abb3,131,ff02::1:ff00:2c6,130,icmp,-,-,-,OTH,1,72,0,0
458.163703,192.168.1.115,60048,41.108.179.197,1177,tcp,2.997928,0,0,S0,2,104,0,0
458.161742,fd2d:ab8c:225:0:81d3:fd3e:7f62:aec8,63069,fd2d:ab8c:225::1,53,udp,0.000594,34,149,SF,1,82,1,197
458.162822,fd2d:ab8c:225:0:81d3:fd3e:7f62:aec8,61879,fd2d:ab8c:225::1,53,udp,0.000427,34,94,SF,1,82,1,142
411.031401,fd2d:ab8c:225:0:ac00:3290:42b:5398,135,ff02::1:ff00:1,136,icmp,-,-,-,OTH,1,72,0,0
467.160056,192.168.1.115,60048,41.108.179.197,1177,tcp,-,-,-,S0,1,48,0,0
416.041065,fe80::5dd3:6bb3:7720:1e83,135,ff02::1:ff00:f72,136,icmp,-,-,-,OTH,1,72,0,0
417.574136,fe80::5dd3:6bb3:7720:1e83,131,ff02::c,130,icmp,0.055857,32,0,OTH,2,144,0,0
417.851552,192.168.1.114,58385,239.255.255.250,1900,udp,6.485126,798,0,S0,6,966,0,0
481.177181,192.168.1.115,60049,41.108.179.197,1177,tcp,2.997949,0,0,S0,2,104,0,0
481.174993,fd2d:ab8c:225:0:81d3:fd3e:7f62:aec8,59589,fd2d:ab8c:225::1,53,udp,0.000634,34,149,SF,1,82,1,197
481.176211,fd2d:ab8c:225:0:81d3:fd3e:7f62:aec8,54385,fd2d:ab8c:225::1,53,udp,0.000446,34,94,SF,1,82,1,142
490.173647,192.168.1.115,60049,41.108.179.197,1177,tcp,-,-,-,S0,1,48,0,0
347.800745,fe80::da58:d7ff:fe00:f72,135,fd2d:ab8c:225:0:81d3:fd3e:7f62:aec8,136,icmp,97.472259,72,72,OTH,3,216,3,216
504.210179,192.168.1.115,60050,41.108.179.197,1177,tcp,3.007487,0,0,S0,2,104,0,0
347.801252,fe80::da58:d7ff:fe00:f72,136,fe80::e8ff:97da:2f7f:abb3,135,icmp,102.465041,56,48,OTH,3,200,2,144
504.178126,fd2d:ab8c:225:0:81d3:fd3e:7f62:aec8,55491,fd2d:ab8c:225::1,53,udp,0.03041,34,149,SF,1,82,1,197
504.209102,fd2d:ab8c:225:0:81d3:fd3e:7f62:aec8,62098,fd2d:ab8c:225::1,53,udp,0.000552,34,94,SF,1,82,1,142
352.808826,fe80::da58:d7ff:fe00:f72,135,fe80::e8ff:97da:2f7f:abb3,136,icmp,102.464025,72,72,OTH,3,216,3,216
513.216322,192.168.1.115,60050,41.108.179.197,1177,tcp,-,-,-,S0,1,48,0,0
527.2232,192.168.1.115,60051,41.108.179.197,1177,tcp,2.99784,0,0,S0,2,104,0,0
527.221109,fd2d:ab8c:225:0:81d3:fd3e:7f62:aec8,53639,fd2d:ab8c:225::1,53,udp,0.000634,34,149,SF,1,82,1,197
527.222342,fd2d:ab8c:225:0:81d3:fd3e:7f62:aec8,59641,fd2d:ab8c:225::1,53,udp,0.000414,34,94,SF,1,82,1,142
478.290309,fd2d:ab8c:225:0:ac00:3290:42b:5398,135,ff02::1:ff00:1,136,icmp,-,-,-,OTH,1,72,0,0
536.219989,192.168.1.115,60051,41.108.179.197,1177,tcp,-,-,-,S0,1,48,0,0
483.304987,fe80::5dd3:6bb3:7720:1e83,135,ff02::1:ff00:f72,136,icmp,-,-,-,OTH,1,72,0,0
550.236632,192.168.1.115,60052,41.108.179.197,1177,tcp,2.997648,0,0,S0,2,104,0,0
550.234454,fd2d:ab8c:225:0:81d3:fd3e:7f62:aec8,56831,fd2d:ab8c:225::1,53,udp,0.000615,34,149,SF,1,82,1,197
550.23564,fd2d:ab8c:225:0:81d3:fd3e:7f62:aec8,62686,fd2d:ab8c:225::1,53,udp,0.000453,34,94,SF,1,82,1,142
559.232477,192.168.1.115,60052,41.108.179.197,1177,tcp,-,-,-,S0,1,48,0,0
509.208723,fe80::da58:d7ff:fe00:f72,135,fd2d:ab8c:225:0:81d3:fd3e:7f62:aec8,136,icmp,0.000291,24,24,OTH,1,72,1,72
513.767177,fe80::e8ff:97da:2f7f:abb3,135,fe80::da58:d7ff:fe00:f72,136,icmp,0.00027,24,16,OTH,1,72,1,64
573.254582,192.168.1.115,60053,41.108.179.197,1177,tcp,3.002395,0,0,S0,2,104,0,0
518.776716,fe80::da58:d7ff:fe00:f72,135,fe80::e8ff:97da:2f7f:abb3,136,icmp,0.00024,24,24,OTH,1,72,1,72
519.288728,fe80::da58:d7ff:fe00:f72,130,ff02::1,131,icmp,-,-,-,OTH,1,72,0,0
521.192463,fe80::5dd3:6bb3:7720:1e83,131,ff02::1:ff20:1e83,130,icmp,-,-,-,OTH,1,72,0,0
522.692546,fe80::5dd3:6bb3:7720:1e83,131,ff02::c,130,icmp,-,-,-,OTH,1,72,0,0
522.770403,fe80::e8ff:97da:2f7f:abb3,131,ff02::1:ff00:2c6,130,icmp,-,-,-,OTH,1,72,0,0
573.237736,fd2d:ab8c:225:0:81d3:fd3e:7f62:aec8,64614,fd2d:ab8c:225::1,53,udp,0.015421,34,149,SF,1,82,1,197
573.253627,fd2d:ab8c:225:0:81d3:fd3e:7f62:aec8,52400,fd2d:ab8c:225::1,53,udp,0.000453,34,94,SF,1,82,1,142
523.762036,fe80::e8ff:97da:2f7f:abb3,131,ff02::1:ff62:aec8,130,icmp,-,-,-,OTH,1,72,0,0
524.192567,fe80::5dd3:6bb3:7720:1e83,131,ff02::1:ff2b:5398,130,icmp,-,-,-,OTH,1,72,0,0
525.23034,fe80::1e6f:65ff:fec0:4392,131,ff02::fb,130,icmp,-,-,-,OTH,1,72,0,0
526.510391,fe80::1e6f:65ff:fec0:4392,131,ff02::1:ffc0:4392,130,icmp,-,-,-,OTH,1,72,0,0
582.256193,192.168.1.115,60053,41.108.179.197,1177,tcp,-,-,-,S0,1,48,0,0
527.267033,fe80::e8ff:97da:2f7f:abb3,131,ff02::1:ff7f:abb3,130,icmp,-,-,-,OTH,1,72,0,0
528.199687,fe80::5dd3:6bb3:7720:1e83,131,ff02::1:ff00:4f7,130,icmp,-,-,-,OTH,1,72,0,0
596.262714,192.168.1.115,60055,41.108.179.197,1177,tcp,2.997792,0,0,S0,2,104,0,0
596.260482,fd2d:ab8c:225:0:81d3:fd3e:7f62:aec8,58295,fd2d:ab8c:225::1,53,udp,0.000655,34,149,SF,1,82,1,197
596.261702,fd2d:ab8c:225:0:81d3:fd3e:7f62:aec8,51504,fd2d:ab8c:225::1,53,udp,0.00047,34,94,SF,1,82,1,142
307.463834,192.168.1.115,60037,54.247.115.15,80,tcp,2.961481,2792,605,SF,8,3124,6,857
592.880494,192.168.1.115,60054,37.252.172.80,80,tcp,10.055343,2180,845,RSTO,8,2524,6,1942
605.258769,192.168.1.115,60055,41.108.179.197,1177,tcp,-,-,-,S0,1,48,0,0
619.277462,192.168.1.115,60056,41.108.179.197,1177,tcp,2.995954,0,0,S0,2,104,0,0
619.275394,fd2d:ab8c:225:0:81d3:fd3e:7f62:aec8,61039,fd2d:ab8c:225::1,53,udp,0.000584,34,149,SF,1,82,1,197
619.276515,fd2d:ab8c:225:0:81d3:fd3e:7f62:aec8,56300,fd2d:ab8c:225::1,53,udp,0.000446,34,94,SF,1,82,1,142
628.272001,192.168.1.115,60056,41.108.179.197,1177,tcp,-,-,-,S0,1,48,0,0
578.264984,fe80::e8ff:97da:2f7f:abb3,135,ff02::1:ff00:f72,136,icmp,-,-,-,OTH,1,72,0,0
642.43674,192.168.1.115,60057,41.108.179.197,1177,tcp,2.999655,0,0,S0,2,104,0,0
642.276788,fd2d:ab8c:225:0:81d3:fd3e:7f62:aec8,51733,fd2d:ab8c:225::1,53,udp,0.158365,34,149,SF,1,82,1,197
642.435717,fd2d:ab8c:225:0:81d3:fd3e:7f62:aec8,59177,fd2d:ab8c:225::1,53,udp,0.000507,34,94,SF,1,82,1,142
651.435163,192.168.1.115,60057,41.108.179.197,1177,tcp,-,-,-,S0,1,48,0,0
665.442025,192.168.1.115,60058,41.108.179.197,1177,tcp,2.997917,0,0,S0,2,104,0,0
665.439993,fd2d:ab8c:225:0:81d3:fd3e:7f62:aec8,60030,fd2d:ab8c:225::1,53,udp,0.000613,34,149,SF,1,82,1,197
665.441168,fd2d:ab8c:225:0:81d3:fd3e:7f62:aec8,54647,fd2d:ab8c:225::1,53,udp,0.000388,34,94,SF,1,82,1,142
674.448863,192.168.1.115,60058,41.108.179.197,1177,tcp,-,-,-,S0,1,48,0,0
578.264715,fe80::da58:d7ff:fe00:f72,135,fd2d:ab8c:225:0:81d3:fd3e:7f62:aec8,136,icmp,51.008218,48,48,OTH,2,144,2,144
688.464793,192.168.1.115,60059,41.108.179.197,1177,tcp,2.998188,0,0,S0,2,104,0,0
634.461419,fd2d:ab8c:225:0:ac00:3290:42b:5398,135,ff02::1:ff00:1,136,icmp,-,-,-,OTH,1,72,0,0
578.265222,fe80::da58:d7ff:fe00:f72,136,fe80::e8ff:97da:2f7f:abb3,135,icmp,56.496083,40,24,OTH,2,136,1,72
688.462858,fd2d:ab8c:225:0:81d3:fd3e:7f62:aec8,54205,fd2d:ab8c:225::1,53,udp,0.000602,34,149,SF,1,82,1,197
688.463941,fd2d:ab8c:225:0:81d3:fd3e:7f62:aec8,50736,fd2d:ab8c:225::1,53,udp,0.000389,34,94,SF,1,82,1,142
639.465627,fe80::5dd3:6bb3:7720:1e83,135,ff02::1:ff00:f72,136,icmp,-,-,-,OTH,1,72,0,0
583.272694,fe80::da58:d7ff:fe00:f72,135,fe80::e8ff:97da:2f7f:abb3,136,icmp,56.49621,48,48,OTH,2,144,2,144
697.461333,192.168.1.115,60059,41.108.179.197,1177,tcp,-,-,-,S0,1,48,0,0
644.728664,fe80::da58:d7ff:fe00:f72,130,ff02::1,131,icmp,-,-,-,OTH,1,72,0,0
644.744424,fe80::5dd3:6bb3:7720:1e83,131,ff02::c,130,icmp,-,-,-,OTH,1,72,0,0
644.766102,fe80::e8ff:97da:2f7f:abb3,131,ff02::1:ff00:2c6,130,icmp,-,-,-,OTH,1,72,0,0
647.26964,fe80::e8ff:97da:2f7f:abb3,131,ff02::1:ff7f:abb3,130,icmp,-,-,-,OTH,1,72,0,0
649.248033,fe80::5dd3:6bb3:7720:1e83,131,ff02::1:ff20:1e83,130,icmp,-,-,-,OTH,1,72,0,0
651.247232,fe80::5dd3:6bb3:7720:1e83,131,ff02::1:ff2b:5398,130,icmp,-,-,-,OTH,1,72,0,0
652.767584,fe80::e8ff:97da:2f7f:abb3,131,ff02::1:ff62:aec8,130,icmp,-,-,-,OTH,1,72,0,0
653.230309,fe80::1e6f:65ff:fec0:4392,131,ff02::fb,130,icmp,-,-,-,OTH,1,72,0,0
653.250175,fe80::5dd3:6bb3:7720:1e83,131,ff02::1:ff00:4f7,130,icmp,-,-,-,OTH,1,72,0,0
653.934375,fe80::1e6f:65ff:fec0:4392,131,ff02::1:ffc0:4392,130,icmp,-,-,-,OTH,1,72,0,0
711.493555,192.168.1.115,60060,41.108.179.197,1177,tcp,3.002737,0,0,S0,2,104,0,0
711.476786,fd2d:ab8c:225:0:81d3:fd3e:7f62:aec8,60703,fd2d:ab8c:225::1,53,udp,0.015276,34,149,SF,1,82,1,197
711.492559,fd2d:ab8c:225:0:81d3:fd3e:7f62:aec8,52801,fd2d:ab8c:225::1,53,udp,0.000521,34,94,SF,1,82,1,142
720.494894,192.168.1.115,60060,41.108.179.197,1177,tcp,-,-,-,S0,1,48,0,0
734.519496,192.168.1.115,60061,41.108.179.197,1177,tcp,3.009872,0,0,S0,2,104,0,0
734.517441,fd2d:ab8c:225:0:81d3:fd3e:7f62:aec8,55625,fd2d:ab8c:225::1,53,udp,0.000602,34,149,SF,1,82,1,197
734.518571,fd2d:ab8c:225:0:81d3:fd3e:7f62:aec8,62491,fd2d:ab8c:225::1,53,udp,0.000447,34,94,SF,1,82,1,142
743.538039,192.168.1.115,60061,41.108.179.197,1177,tcp,-,-,-,S0,1,48,0,0
693.46468,fe80::da58:d7ff:fe00:f72,135,fd2d:ab8c:225:0:81d3:fd3e:7f62:aec8,136,icmp,0.000243,24,24,OTH,1,72,1,72
698.262389,fe80::e8ff:97da:2f7f:abb3,135,fe80::da58:d7ff:fe00:f72,136,icmp,0.000275,24,16,OTH,1,72,1,64
757.544476,192.168.1.115,60062,41.108.179.197,1177,tcp,2.997861,0,0,S0,2,104,0,0
703.272675,fe80::da58:d7ff:fe00:f72,135,fe80::e8ff:97da:2f7f:abb3,136,icmp,0.000241,24,24,OTH,1,72,1,72
757.542364,fd2d:ab8c:225:0:81d3:fd3e:7f62:aec8,61236,fd2d:ab8c:225::1,53,udp,0.000566,34,149,SF,1,82,1,197
757.543495,fd2d:ab8c:225:0:81d3:fd3e:7f62:aec8,50963,fd2d:ab8c:225::1,53,udp,0.000451,34,94,SF,1,82,1,142
766.540672,192.168.1.115,60062,41.108.179.197,1177,tcp,-,-,-,S0,1,48,0,0
780.587672,192.168.1.115,60063,41.108.179.197,1177,tcp,2.997732,0,0,S0,2,104,0,0
780.555558,fd2d:ab8c:225:0:81d3:fd3e:7f62:aec8,61854,fd2d:ab8c:225::1,53,udp,0.030524,34,149,SF,1,82,1,197
780.586649,fd2d:ab8c:225:0:81d3:fd3e:7f62:aec8,57827,fd2d:ab8c:225::1,53,udp,0.000467,34,94,SF,1,82,1,142
730.824678,fe80::da58:d7ff:fe00:f72,134,ff02::1,133,icmp,-,-,-,OTH,1,184,0,0
789.584295,192.168.1.115,60063,41.108.179.197,1177,tcp,-,-,-,S0,1,48,0,0
803.590825,192.168.1.115,60064,41.108.179.197,1177,tcp,3.007727,0,0,S0,2,104,0,0
803.588738,fd2d:ab8c:225:0:81d3:fd3e:7f62:aec8,64738,fd2d:ab8c:225::1,53,udp,0.000576,34,149,SF,1,82,1,197
803.589865,fd2d:ab8c:225:0:81d3:fd3e:7f62:aec8,61710,fd2d:ab8c:225::1,53,udp,0.000425,34,94,SF,1,82,1,142
812.596717,192.168.1.115,60064,41.108.179.197,1177,tcp,-,-,-,S0,1,48,0,0
762.552892,fe80::e8ff:97da:2f7f:abb3,135,ff02::1:ff00:f72,136,icmp,-,-,-,OTH,1,72,0,0
770.168692,fe80::da58:d7ff:fe00:f72,130,ff02::1,131,icmp,-,-,-,OTH,1,72,0,0
770.302375,fe80::5dd3:6bb3:7720:1e83,131,ff02::c,130,icmp,-,-,-,OTH,1,72,0,0
770.594374,fe80::1e6f:65ff:fec0:4392,131,ff02::1:ffc0:4392,130,icmp,-,-,-,OTH,1,72,0,0
770.766711,fe80::e8ff:97da:2f7f:abb3,131,ff02::1:ff7f:abb3,130,icmp,-,-,-,OTH,1,72,0,0
826.603818,192.168.1.115,60065,41.108.179.197,1177,tcp,2.997576,0,0,S0,2,104,0,0
771.768073,fe80::e8ff:97da:2f7f:abb3,131,ff02::1:ff62:aec8,130,icmp,-,-,-,OTH,1,72,0,0
771.79907,fe80::5dd3:6bb3:7720:1e83,131,ff02::1:ff2b:5398,130,icmp,-,-,-,OTH,1,72,0,0
772.769992,fe80::e8ff:97da:2f7f:abb3,131,ff02::1:ff00:2c6,130,icmp,-,-,-,OTH,1,72,0,0
773.785982,fe80::5dd3:6bb3:7720:1e83,131,ff02::1:ff00:4f7,130,icmp,-,-,-,OTH,1,72,0,0
775.554416,fe80::1e6f:65ff:fec0:4392,131,ff02::fb,130,icmp,-,-,-,OTH,1,72,0,0
826.601727,fd2d:ab8c:225:0:81d3:fd3e:7f62:aec8,50966,fd2d:ab8c:225::1,53,udp,0.000595,34,149,SF,1,82,1,197
826.602875,fd2d:ab8c:225:0:81d3:fd3e:7f62:aec8,58048,fd2d:ab8c:225::1,53,udp,0.00042,34,94,SF,1,82,1,142
778.299309,fe80::5dd3:6bb3:7720:1e83,131,ff02::1:ff20:1e83,130,icmp,-,-,-,OTH,1,72,0,0
835.600283,192.168.1.115,60065,41.108.179.197,1177,tcp,-,-,-,S0,1,48,0,0
849.652833,192.168.1.115,60066,41.108.179.197,1177,tcp,3.00195,0,0,S0,2,104,0,0
849.614851,fd2d:ab8c:225:0:81d3:fd3e:7f62:aec8,49159,fd2d:ab8c:225::1,53,udp,0.036374,34,149,SF,1,82,1,197
849.651775,fd2d:ab8c:225:0:81d3:fd3e:7f62:aec8,49300,fd2d:ab8c:225::1,53,udp,0.000468,34,94,SF,1,82,1,142
858.653635,192.168.1.115,60066,41.108.179.197,1177,tcp,-,-,-,S0,1,48,0,0
872.659338,192.168.1.115,60067,41.108.179.197,1177,tcp,3.008488,0,0,S0,2,104,0,0
872.657172,fd2d:ab8c:225:0:81d3:fd3e:7f62:aec8,62742,fd2d:ab8c:225::1,53,udp,0.000614,34,149,SF,1,82,1,197
872.658369,fd2d:ab8c:225:0:81d3:fd3e:7f62:aec8,64575,fd2d:ab8c:225::1,53,udp,0.000479,34,94,SF,1,82,1,142
881.666771,192.168.1.115,60067,41.108.179.197,1177,tcp,-,-,-,S0,1,48,0,0
895.672952,192.168.1.115,60068,41.108.179.197,1177,tcp,2.998179,0,0,S0,2,104,0,0
895.670856,fd2d:ab8c:225:0:81d3:fd3e:7f62:aec8,55216,fd2d:ab8c:225::1,53,udp,0.000578,34,149,SF,1,82,1,197
895.671984,fd2d:ab8c:225:0:81d3:fd3e:7f62:aec8,52977,fd2d:ab8c:225::1,53,udp,0.000438,34,94,SF,1,82,1,142
904.669409,192.168.1.115,60068,41.108.179.197,1177,tcp,-,-,-,S0,1,48,0,0
918.722251,192.168.1.115,60069,41.108.179.197,1177,tcp,3.001707,0,0,S0,2,104,0,0
918.684133,fd2d:ab8c:225:0:81d3:fd3e:7f62:aec8,51459,fd2d:ab8c:225::1,53,udp,0.036506,34,149,SF,1,82,1,197
918.721219,fd2d:ab8c:225:0:81d3:fd3e:7f62:aec8,62944,fd2d:ab8c:225::1,53,udp,0.000488,34,94,SF,1,82,1,142
919.410956,192.168.1.2,5353,224.0.0.251,5353,udp,-,-,-,S0,1,73,0,0
919.410981,fd2d:ab8c:225:0:1e6f:65ff:fec0:4392,5353,ff02::fb,5353,udp,-,-,-,S0,1,93,0,0
927.722704,192.168.1.115,60069,41.108.179.197,1177,tcp,-,-,-,S0,1,48,0,0
941.74966,192.168.1.115,60070,41.108.179.197,1177,tcp,3.007633,0,0,S0,2,104,0,0
941.747598,fd2d:ab8c:225:0:81d3:fd3e:7f62:aec8,63237,fd2d:ab8c:225::1,53,udp,0.000551,34,149,SF,1,82,1,197
941.7487,fd2d:ab8c:225:0:81d3:fd3e:7f62:aec8,64803,fd2d:ab8c:225::1,53,udp,0.000424,34,94,SF,1,82,1,142
895.608616,fe80::da58:d7ff:fe00:f72,130,ff02::1,131,icmp,-,-,-,OTH,1,72,0,0
950.75548,192.168.1.115,60070,41.108.179.197,1177,tcp,-,-,-,S0,1,48,0,0
897.268929,fe80::e8ff:97da:2f7f:abb3,131,ff02::1:ff62:aec8,130,icmp,-,-,-,OTH,1,72,0,0
897.854417,fe80::5dd3:6bb3:7720:1e83,131,ff02::1:ff20:1e83,130,icmp,-,-,-,OTH,1,72,0,0
899.261552,fe80::e8ff:97da:2f7f:abb3,131,ff02::1:ff7f:abb3,130,icmp,-,-,-,OTH,1,72,0,0
901.765505,fe80::e8ff:97da:2f7f:abb3,131,ff02::1:ff00:2c6,130,icmp,-,-,-,OTH,1,72,0,0
901.902413,fe80::1e6f:65ff:fec0:4392,131,ff02::1:ffc0:4392,130,icmp,-,-,-,OTH,1,72,0,0
902.35293,fe80::5dd3:6bb3:7720:1e83,131,ff02::1:ff2b:5398,130,icmp,-,-,-,OTH,1,72,0,0
902.856663,fe80::5dd3:6bb3:7720:1e83,131,ff02::1:ff00:4f7,130,icmp,-,-,-,OTH,1,72,0,0
903.34879,fe80::5dd3:6bb3:7720:1e83,131,ff02::c,130,icmp,-,-,-,OTH,1,72,0,0
905.070434,fe80::1e6f:65ff:fec0:4392,131,ff02::fb,130,icmp,-,-,-,OTH,1,72,0,0
964.76217,192.168.1.115,60071,41.108.179.197,1177,tcp,2.998245,0,0,S0,2,104,0,0
964.760137,fd2d:ab8c:225:0:81d3:fd3e:7f62:aec8,49684,fd2d:ab8c:225::1,53,udp,0.000586,34,149,SF,1,82,1,197
964.761227,fd2d:ab8c:225:0:81d3:fd3e:7f62:aec8,63256,fd2d:ab8c:225::1,53,udp,0.000441,34,94,SF,1,82,1,142
973.768576,192.168.1.115,60071,41.108.179.197,1177,tcp,-,-,-,S0,1,48,0,0
920.847943,fd2d:ab8c:225:0:ac00:3290:42b:5398,135,ff02::1:ff00:1,136,icmp,-,-,-,OTH,1,72,0,0
925.848983,fe80::5dd3:6bb3:7720:1e83,135,ff02::1:ff00:f72,136,icmp,-,-,-,OTH,1,72,0,0
988.701377,192.168.1.115,60072,41.108.179.197,1177,tcp,3.003043,0,0,S0,2,104,0,0
987.7734,fd2d:ab8c:225:0:81d3:fd3e:7f62:aec8,49245,fd2d:ab8c:225::1,53,udp,0.926193,34,149,SF,1,82,1,197
988.700276,fd2d:ab8c:225:0:81d3:fd3e:7f62:aec8,49687,fd2d:ab8c:225::1,53,udp,0.00055,34,94,SF,1,82,1,142
997.703099,192.168.1.115,60072,41.108.179.197,1177,tcp,-,-,-,S0,1,48,0,0
1011.710422,192.168.1.115,60073,41.108.179.197,1177,tcp,3.007619,0,0,S0,2,104,0,0
1011.708279,fd2d:ab8c:225:0:81d3:fd3e:7f62:aec8,52527,fd2d:ab8c:225::1,53,udp,0.000604,34,149,SF,1,82,1,197
1011.709437,fd2d:ab8c:225:0:81d3:fd3e:7f62:aec8,51986,fd2d:ab8c:225::1,53,udp,0.000436,34,94,SF,1,82,1,142
1020.716607,192.168.1.115,60073,41.108.179.197,1177,tcp,-,-,-,S0,1,48,0,0
969.746514,fe80::da58:d7ff:fe00:f72,134,ff02::1,133,icmp,-,-,-,OTH,1,184,0,0
1034.723116,192.168.1.115,60074,41.108.179.197,1177,tcp,2.997914,0,0,S0,2,104,0,0
1034.721013,fd2d:ab8c:225:0:81d3:fd3e:7f62:aec8,57132,fd2d:ab8c:225::1,53,udp,0.00059,34,149,SF,1,82,1,197
1034.722147,fd2d:ab8c:225:0:81d3:fd3e:7f62:aec8,63647,fd2d:ab8c:225::1,53,udp,0.000442,34,94,SF,1,82,1,142
1043.719386,192.168.1.115,60074,41.108.179.197,1177,tcp,-,-,-,S0,1,48,0,0
1057.750371,192.168.1.115,60075,41.108.179.197,1177,tcp,3.003777,0,0,S0,2,104,0,0
1057.733743,fd2d:ab8c:225:0:81d3:fd3e:7f62:aec8,60233,fd2d:ab8c:225::1,53,udp,0.015139,34,149,SF,1,82,1,197
1057.749352,fd2d:ab8c:225:0:81d3:fd3e:7f62:aec8,60441,fd2d:ab8c:225::1,53,udp,0.000518,34,94,SF,1,82,1,142
1066.752395,192.168.1.115,60075,41.108.179.197,1177,tcp,-,-,-,S0,1,48,0,0
1021.048581,fe80::da58:d7ff:fe00:f72,130,ff02::1,131,icmp,-,-,-,OTH,1,72,0,0
1022.268764,fe80::e8ff:97da:2f7f:abb3,131,ff02::1:ff00:2c6,130,icmp,-,-,-,OTH,1,72,0,0
1023.413133,fe80::5dd3:6bb3:7720:1e83,131,ff02::1:ff20:1e83,130,icmp,-,-,-,OTH,1,72,0,0
1023.916185,fe80::5dd3:6bb3:7720:1e83,131,ff02::1:ff2b:5398,130,icmp,-,-,-,OTH,1,72,0,0
1023.916233,fe80::5dd3:6bb3:7720:1e83,131,ff02::c,130,icmp,-,-,-,OTH,1,72,0,0
1025.262981,fe80::e8ff:97da:2f7f:abb3,131,ff02::1:ff62:aec8,130,icmp,-,-,-,OTH,1,72,0,0
1080.759255,192.168.1.115,60076,41.108.179.197,1177,tcp,3.007912,0,0,S0,2,104,0,0
1026.222438,fe80::1e6f:65ff:fec0:4392,131,ff02::fb,130,icmp,-,-,-,OTH,1,72,0,0
1026.764799,fe80::e8ff:97da:2f7f:abb3,131,ff02::1:ff7f:abb3,130,icmp,-,-,-,OTH,1,72,0,0
1028.412157,fe80::5dd3:6bb3:7720:1e83,131,ff02::1:ff00:4f7,130,icmp,-,-,-,OTH,1,72,0,0
1080.75723,fd2d:ab8c:225:0:81d3:fd3e:7f62:aec8,60242,fd2d:ab8c:225::1,53,udp,0.000636,34,149,SF,1,82,1,197
1080.758342,fd2d:ab8c:225:0:81d3:fd3e:7f62:aec8,59199,fd2d:ab8c:225::1,53,udp,0.00047,34,94,SF,1,82,1,142
1030.862342,fe80::1e6f:65ff:fec0:4392,131,ff02::1:ffc0:4392,130,icmp,-,-,-,OTH,1,72,0,0
1089.76559,192.168.1.115,60076,41.108.179.197,1177,tcp,-,-,-,S0,1,48,0,0
1103.773773,192.168.1.115,60077,41.108.179.197,1177,tcp,2.996132,0,0,S0,2,104,0,0
1103.771585,fd2d:ab8c:225:0:81d3:fd3e:7f62:aec8,61476,fd2d:ab8c:225::1,53,udp,0.00058,34,149,SF,1,82,1,197
1103.772717,fd2d:ab8c:225:0:81d3:fd3e:7f62:aec8,50509,fd2d:ab8c:225::1,53,udp,0.000505,34,94,SF,1,82,1,142
1112.778553,192.168.1.115,60077,41.108.179.197,1177,tcp,-,-,-,S0,1,48,0,0
1126.897037,192.168.1.115,60078,41.108.179.197,1177,tcp,2.996174,0,0,S0,2,104,0,0
1126.78353,fd2d:ab8c:225:0:81d3:fd3e:7f62:aec8,55065,fd2d:ab8c:225::1,53,udp,0.111772,34,50,SF,1,82,1,98
1126.895881,fd2d:ab8c:225:0:81d3:fd3e:7f62:aec8,65261,fd2d:ab8c:225::1,53,udp,0.000654,34,94,SF,1,82,1,142
1135.891661,192.168.1.115,60078,41.108.179.197,1177,tcp,-,-,-,S0,1,48,0,0
1149.898496,192.168.1.115,60079,41.108.179.197,1177,tcp,2.997573,0,0,S0,2,104,0,0
1149.896542,fd2d:ab8c:225:0:81d3:fd3e:7f62:aec8,65124,fd2d:ab8c:225::1,53,udp,0.000386,34,50,SF,1,82,1,98
1149.897486,fd2d:ab8c:225:0:81d3:fd3e:7f62:aec8,62159,fd2d:ab8c:225::1,53,udp,0.000469,34,94,SF,1,82,1,142
1158.894725,192.168.1.115,60079,41.108.179.197,1177,tcp,-,-,-,S0,1,48,0,0
1172.901365,192.168.1.115,60080,41.108.179.197,1177,tcp,2.998442,0,0,S0,2,104,0,0
1172.899117,fd2d:ab8c:225:0:81d3:fd3e:7f62:aec8,54795,fd2d:ab8c:225::1,53,udp,0.000332,34,50,SF,1,82,1,98
1172.900339,fd2d:ab8c:225:0:81d3:fd3e:7f62:aec8,56889,fd2d:ab8c:225::1,53,udp,0.000502,34,94,SF,1,82,1,142
1181.90777,192.168.1.115,60080,41.108.179.197,1177,tcp,-,-,-,S0,1,48,0,0
1195.944186,192.168.1.115,60081,41.108.179.197,1177,tcp,2.9983,0,0,S0,2,104,0,0
1195.912145,fd2d:ab8c:225:0:81d3:fd3e:7f62:aec8,63468,fd2d:ab8c:225::1,53,udp,0.030567,34,149,SF,1,82,1,197
1195.943223,fd2d:ab8c:225:0:81d3:fd3e:7f62:aec8,49668,fd2d:ab8c:225::1,53,udp,0.000486,34,94,SF,1,82,1,142
1146.488585,fe80::da58:d7ff:fe00:f72,130,ff02::1,131,icmp,-,-,-,OTH,1,72,0,0
1146.767999,fe80::e8ff:97da:2f7f:abb3,131,ff02::1:ff7f:abb3,130,icmp,-,-,-,OTH,1,72,0,0
1148.970631,fe80::5dd3:6bb3:7720:1e83,131,ff02::1:ff00:4f7,130,icmp,-,-,-,OTH,1,72,0,0
1149.761679,fe80::e8ff:97da:2f7f:abb3,131,ff02::1:ff00:2c6,130,icmp,-,-,-,OTH,1,72,0,0
1204.941413,192.168.1.115,60081,41.108.179.197,1177,tcp,-,-,-,S0,1,48,0,0
1151.464347,fe80::5dd3:6bb3:7720:1e83,131,ff02::c,130,icmp,-,-,-,OTH,1,72,0,0
1152.265629,fe80::e8ff:97da:2f7f:abb3,131,ff02::1:ff62:aec8,130,icmp,-,-,-,OTH,1,72,0,0
1152.467181,fe80::5dd3:6bb3:7720:1e83,131,ff02::1:ff2b:5398,130,icmp,-,-,-,OTH,1,72,0,0
1154.446402,fe80::1e6f:65ff:fec0:4392,131,ff02::1:ffc0:4392,130,icmp,-,-,-,OTH,1,72,0,0
1155.474182,fe80::5dd3:6bb3:7720:1e83,131,ff02::1:ff20:1e83,130,icmp,-,-,-,OTH,1,72,0,0
1156.366397,fe80::1e6f:65ff:fec0:4392,131,ff02::fb,130,icmp,-,-,-,OTH,1,72,0,0
1218.956032,192.168.1.115,60082,41.108.179.197,1177,tcp,2.999574,0,0,S0,2,104,0,0
1218.954244,fd2d:ab8c:225:0:81d3:fd3e:7f62:aec8,59126,fd2d:ab8c:225::1,53,udp,0.000733,34,149,SF,1,82,1,197
1218.955244,fd2d:ab8c:225:0:81d3:fd3e:7f62:aec8,52434,fd2d:ab8c:225::1,53,udp,0.000493,34,94,SF,1,82,1,142
1227.954416,192.168.1.115,60082,41.108.179.197,1177,tcp,-,-,-,S0,1,48,0,0
1241.987966,192.168.1.115,60083,41.108.179.197,1177,tcp,3.001022,0,0,S0,2,104,0,0
1241.986013,fd2d:ab8c:225:0:81d3:fd3e:7f62:aec8,61602,fd2d:ab8c:225::1,53,udp,0.000595,34,149,SF,1,82,1,197
1241.987071,fd2d:ab8c:225:0:81d3:fd3e:7f62:aec8,58690,fd2d:ab8c:225::1,53,udp,0.000446,34,94,SF,1,82,1,142
1250.997815,192.168.1.115,60083,41.108.179.197,1177,tcp,-,-,-,S0,1,48,0,0
1265.018416,192.168.1.115,60084,41.108.179.197,1177,tcp,2.993681,0,0,S0,2,104,0,0
1265.001747,fd2d:ab8c:225:0:81d3:fd3e:7f62:aec8,62427,fd2d:ab8c:225::1,53,udp,0.015168,34,149,SF,1,82,1,197
1265.01751,fd2d:ab8c:225:0:81d3:fd3e:7f62:aec8,63327,fd2d:ab8c:225::1,53,udp,0.000426,34,94,SF,1,82,1,142
1274.010465,192.168.1.115,60084,41.108.179.197,1177,tcp,-,-,-,S0,1,48,0,0
1288.027144,192.168.1.115,60085,41.108.179.197,1177,tcp,2.998122,0,0,S0,2,104,0,0
1234.390873,fd2d:ab8c:225:0:ac00:3290:42b:5398,135,ff02::1:ff00:1,136,icmp,-,-,-,OTH,1,72,0,0
1288.024925,fd2d:ab8c:225:0:81d3:fd3e:7f62:aec8,59861,fd2d:ab8c:225::1,53,udp,0.000615,34,149,SF,1,82,1,197
1288.026079,fd2d:ab8c:225:0:81d3:fd3e:7f62:aec8,62183,fd2d:ab8c:225::1,53,udp,0.000583,34,94,SF,1,82,1,142
1239.400871,fe80::5dd3:6bb3:7720:1e83,135,ff02::1:ff00:f72,136,icmp,-,-,-,OTH,1,72,0,0
1297.023964,192.168.1.115,60085,41.108.179.197,1177,tcp,-,-,-,S0,1,48,0,0
1311.033685,192.168.1.115,60086,41.108.179.197,1177,tcp,3.0045,0,0,S0,2,104,0,0
1311.02792,fd2d:ab8c:225:0:81d3:fd3e:7f62:aec8,53599,fd2d:ab8c:225::1,53,udp,0.004277,34,149,SF,1,82,1,197
1311.032708,fd2d:ab8c:225:0:81d3:fd3e:7f62:aec8,58778,fd2d:ab8c:225::1,53,udp,0.000516,34,94,SF,1,82,1,142
1320.036938,192.168.1.115,60086,41.108.179.197,1177,tcp,-,-,-,S0,1,48,0,0
1271.928531,fe80::da58:d7ff:fe00:f72,130,ff02::1,131,icmp,-,-,-,OTH,1,72,0,0
1274.526492,fe80::5dd3:6bb3:7720:1e83,131,ff02::1:ff20:1e83,130,icmp,-,-,-,OTH,1,72,0,0
1275.029342,fe80::5dd3:6bb3:7720:1e83,131,ff02::1:ff2b:5398,130,icmp,-,-,-,OTH,1,72,0,0
1275.374379,fe80::1e6f:65ff:fec0:4392,131,ff02::1:ffc0:4392,130,icmp,-,-,-,OTH,1,72,0,0
1275.762858,fe80::e8ff:97da:2f7f:abb3,131,ff02::1:ff00:2c6,130,icmp,-,-,-,OTH,1,72,0,0
1276.264224,fe80::e8ff:97da:2f7f:abb3,131,ff02::1:ff62:aec8,130,icmp,-,-,-,OTH,1,72,0,0
1276.529016,fe80::5dd3:6bb3:7720:1e83,131,ff02::c,130,icmp,-,-,-,OTH,1,72,0,0
1277.031622,fe80::5dd3:6bb3:7720:1e83,131,ff02::1:ff00:4f7,130,icmp,-,-,-,OTH,1,72,0,0
1334.091391,192.168.1.115,60087,41.108.179.197,1177,tcp,3.000134,0,0,S0,2,104,0,0
1279.268459,fe80::e8ff:97da:2f7f:abb3,131,ff02::1:ff7f:abb3,130,icmp,-,-,-,OTH,1,72,0,0
1280.846394,fe80::1e6f:65ff:fec0:4392,131,ff02::fb,130,icmp,-,-,-,OTH,1,72,0,0
1334.07378,fd2d:ab8c:225:0:81d3:fd3e:7f62:aec8,50419,fd2d:ab8c:225::1,53,udp,0.016096,34,149,SF,1,82,1,197
1334.090455,fd2d:ab8c:225:0:81d3:fd3e:7f62:aec8,52435,fd2d:ab8c:225::1,53,udp,0.000412,34,94,SF,1,82,1,142
1343.089949,192.168.1.115,60087,41.108.179.197,1177,tcp,-,-,-,S0,1,48,0,0
1357.106013,192.168.1.115,60088,41.108.179.197,1177,tcp,2.998013,0,0,S0,2,104,0,0
1357.103929,fd2d:ab8c:225:0:81d3:fd3e:7f62:aec8,50343,fd2d:ab8c:225::1,53,udp,0.000668,34,149,SF,1,82,1,197
1357.105093,fd2d:ab8c:225:0:81d3:fd3e:7f62:aec8,63193,fd2d:ab8c:225::1,53,udp,0.000436,34,94,SF,1,82,1,142
1366.103012,192.168.1.115,60088,41.108.179.197,1177,tcp,-,-,-,S0,1,48,0,0
1380.109968,192.168.1.115,60089,41.108.179.197,1177,tcp,3.007508,0,0,S0,2,104,0,0
1380.10782,fd2d:ab8c:225:0:81d3:fd3e:7f62:aec8,51722,fd2d:ab8c:225::1,53,udp,0.000592,34,149,SF,1,82,1,197
1380.108974,fd2d:ab8c:225:0:81d3:fd3e:7f62:aec8,65167,fd2d:ab8c:225::1,53,udp,0.000436,34,94,SF,1,82,1,142
1389.116118,192.168.1.115,60089,41.108.179.197,1177,tcp,-,-,-,S0,1,48,0,0
1340.15766,fd2d:ab8c:225:0:ac00:3290:42b:5398,135,ff02::1:ff00:1,136,icmp,-,-,-,OTH,1,72,0,0
1345.176865,fe80::5dd3:6bb3:7720:1e83,135,ff02::1:ff00:f72,136,icmp,-,-,-,OTH,1,72,0,0
1404.373101,192.168.1.115,60090,41.108.179.197,1177,tcp,2.99917,0,0,S0,2,104,0,0
1404.192429,fd2d:ab8c:225:0:81d3:fd3e:7f62:aec8,61692,fd2d:ab8c:225::1,53,udp,0.015318,34,149,SF,1,82,1,197
1404.208174,fd2d:ab8c:225:0:81d3:fd3e:7f62:aec8,54046,fd2d:ab8c:225::1,53,udp,0.000486,34,94,SF,1,82,1,142
1413.371245,192.168.1.115,60090,41.108.179.197,1177,tcp,-,-,-,S0,1,48,0,0
1427.386442,192.168.1.115,60091,41.108.179.197,1177,tcp,2.999057,0,0,S0,2,104,0,0
1427.384759,fd2d:ab8c:225:0:81d3:fd3e:7f62:aec8,50687,fd2d:ab8c:225::1,53,udp,0.000547,34,149,SF,1,82,1,197
1427.385626,fd2d:ab8c:225:0:81d3:fd3e:7f62:aec8,50807,fd2d:ab8c:225::1,53,udp,0.000474,34,94,SF,1,82,1,142
1436.384021,192.168.1.115,60091,41.108.179.197,1177,tcp,-,-,-,S0,1,48,0,0
1450.460541,192.168.1.115,60092,41.108.179.197,1177,tcp,3.008203,0,0,S0,2,104,0,0
1397.368488,fe80::da58:d7ff:fe00:f72,130,ff02::1,131,icmp,-,-,-,OTH,1,72,0,0
1397.594502,fe80::5dd3:6bb3:7720:1e83,131,ff02::1:ff2b:5398,130,icmp,-,-,-,OTH,1,72,0,0
1399.761281,fe80::e8ff:97da:2f7f:abb3,131,ff02::1:ff00:2c6,130,icmp,-,-,-,OTH,1,72,0,0
1450.418998,fd2d:ab8c:225:0:81d3:fd3e:7f62:aec8,55512,fd2d:ab8c:225::1,53,udp,0.000759,34,149,SF,1,82,1,197
1450.459424,fd2d:ab8c:225:0:81d3:fd3e:7f62:aec8,55058,fd2d:ab8c:225::1,53,udp,0.000631,34,94,SF,1,82,1,142
1401.070357,fe80::1e6f:65ff:fec0:4392,131,ff02::fb,130,icmp,-,-,-,OTH,1,72,0,0
1402.097895,fe80::5dd3:6bb3:7720:1e83,131,ff02::c,130,icmp,-,-,-,OTH,1,72,0,0
1402.765507,fe80::e8ff:97da:2f7f:abb3,131,ff02::1:ff7f:abb3,130,icmp,-,-,-,OTH,1,72,0,0
1459.466972,192.168.1.115,60092,41.108.179.197,1177,tcp,-,-,-,S0,1,48,0,0
1404.593995,fe80::5dd3:6bb3:7720:1e83,131,ff02::1:ff00:4f7,130,icmp,-,-,-,OTH,1,72,0,0
1404.654456,fe80::1e6f:65ff:fec0:4392,131,ff02::1:ffc0:4392,130,icmp,-,-,-,OTH,1,72,0,0
1405.593683,fe80::5dd3:6bb3:7720:1e83,131,ff02::1:ff20:1e83,130,icmp,-,-,-,OTH,1,72,0,0
1406.761602,fe80::e8ff:97da:2f7f:abb3,131,ff02::1:ff62:aec8,130,icmp,-,-,-,OTH,1,72,0,0
1473.524403,192.168.1.115,60093,41.108.179.197,1177,tcp,2.997557,0,0,S0,2,104,0,0
1473.485879,fd2d:ab8c:225:0:81d3:fd3e:7f62:aec8,54604,fd2d:ab8c:225::1,53,udp,0.036803,34,149,SF,1,82,1,197
1473.52337,fd2d:ab8c:225:0:81d3:fd3e:7f62:aec8,62441,fd2d:ab8c:225::1,53,udp,0.000489,34,94,SF,1,82,1,142
1482.520583,192.168.1.115,60093,41.108.179.197,1177,tcp,-,-,-,S0,1,48,0,0
1438.556762,fd2d:ab8c:225:0:ac00:3290:42b:5398,135,ff02::1:ff00:1,136,icmp,-,-,-,OTH,1,72,0,0
1496.536635,192.168.1.115,60094,41.108.179.197,1177,tcp,2.99838,0,0,S0,2,104,0,0
1443.56091,fe80::5dd3:6bb3:7720:1e83,135,ff02::1:ff00:f72,136,icmp,-,-,-,OTH,1,72,0,0
1496.534636,fd2d:ab8c:225:0:81d3:fd3e:7f62:aec8,53201,fd2d:ab8c:225::1,53,udp,0.000591,34,149,SF,1,82,1,197
1496.535707,fd2d:ab8c:225:0:81d3:fd3e:7f62:aec8,55686,fd2d:ab8c:225::1,53,udp,0.000463,34,94,SF,1,82,1,142
1505.533229,192.168.1.115,60094,41.108.179.197,1177,tcp,-,-,-,S0,1,48,0,0
1519.54027,192.168.1.115,60095,41.108.179.197,1177,tcp,3.007396,0,0,S0,2,104,0,0
1519.538013,fd2d:ab8c:225:0:81d3:fd3e:7f62:aec8,54093,fd2d:ab8c:225::1,53,udp,0.000592,34,149,SF,1,82,1,197
1519.539155,fd2d:ab8c:225:0:81d3:fd3e:7f62:aec8,51004,fd2d:ab8c:225::1,53,udp,0.000638,34,94,SF,1,82,1,142
1528.546832,192.168.1.115,60095,41.108.179.197,1177,tcp,-,-,-,S0,1,48,0,0
1480.150037,fe80::da58:d7ff:fe00:f72,134,ff02::1,133,icmp,-,-,-,OTH,1,184,0,0
1542.567867,192.168.1.115,60096,41.108.179.197,1177,tcp,2.993089,0,0,S0,2,104,0,0
1542.55071,fd2d:ab8c:225:0:81d3:fd3e:7f62:aec8,59131,fd2d:ab8c:225::1,53,udp,0.015818,34,149,SF,1,82,1,197
1542.566948,fd2d:ab8c:225:0:81d3:fd3e:7f62:aec8,56920,fd2d:ab8c:225::1,53,udp,0.000469,34,94,SF,1,82,1,142
1551.559547,192.168.1.115,60096,41.108.179.197,1177,tcp,-,-,-,S0,1,48,0,0
1565.576493,192.168.1.115,60097,41.108.179.197,1177,tcp,2.9972,0,0,S0,2,104,0,0
1565.574447,fd2d:ab8c:225:0:81d3:fd3e:7f62:aec8,64463,fd2d:ab8c:225::1,53,udp,0.000608,34,149,SF,1,82,1,197
1565.575551,fd2d:ab8c:225:0:81d3:fd3e:7f62:aec8,60992,fd2d:ab8c:225::1,53,udp,0.000482,34,94,SF,1,82,1,142
1574.572325,192.168.1.115,60097,41.108.179.197,1177,tcp,-,-,-,S0,1,48,0,0
1522.808512,fe80::da58:d7ff:fe00:f72,130,ff02::1,131,icmp,-,-,-,OTH,1,72,0,0
1525.151948,fe80::5dd3:6bb3:7720:1e83,131,ff02::1:ff2b:5398,130,icmp,-,-,-,OTH,1,72,0,0
1525.998402,fe80::1e6f:65ff:fec0:4392,131,ff02::1:ffc0:4392,130,icmp,-,-,-,OTH,1,72,0,0
1526.764071,fe80::e8ff:97da:2f7f:abb3,131,ff02::1:ff00:2c6,130,icmp,-,-,-,OTH,1,72,0,0
1528.156283,fe80::5dd3:6bb3:7720:1e83,131,ff02::1:ff00:4f7,130,icmp,-,-,-,OTH,1,72,0,0
1528.766722,fe80::e8ff:97da:2f7f:abb3,131,ff02::1:ff7f:abb3,130,icmp,-,-,-,OTH,1,72,0,0
1528.766897,fe80::e8ff:97da:2f7f:abb3,131,ff02::1:ff62:aec8,130,icmp,-,-,-,OTH,1,72,0,0
1530.062335,fe80::1e6f:65ff:fec0:4392,131,ff02::fb,130,icmp,-,-,-,OTH,1,72,0,0
1530.158656,fe80::5dd3:6bb3:7720:1e83,131,ff02::1:ff20:1e83,130,icmp,-,-,-,OTH,1,72,0,0
1530.651836,fe80::5dd3:6bb3:7720:1e83,131,ff02::c,130,icmp,-,-,-,OTH,1,72,0,0
1588.579348,192.168.1.115,60098,41.108.179.197,1177,tcp,3.008169,0,0,S0,2,104,0,0
1588.577172,fd2d:ab8c:225:0:81d3:fd3e:7f62:aec8,56602,fd2d:ab8c:225::1,53,udp,0.000591,34,149,SF,1,82,1,197
1588.578381,fd2d:ab8c:225:0:81d3:fd3e:7f62:aec8,64501,fd2d:ab8c:225::1,53,udp,0.000449,34,94,SF,1,82,1,142
1597.585403,192.168.1.115,60098,41.108.179.197,1177,tcp,-,-,-,S0,1,48,0,0
1611.622345,192.168.1.115,60099,41.108.179.197,1177,tcp,2.99804,0,0,S0,2,104,0,0
1611.590199,fd2d:ab8c:225:0:81d3:fd3e:7f62:aec8,55397,fd2d:ab8c:225::1,53,udp,0.03047,34,149,SF,1,82,1,197
1611.621305,fd2d:ab8c:225:0:81d3:fd3e:7f62:aec8,54349,fd2d:ab8c:225::1,53,udp,0.000474,34,94,SF,1,82,1,142
1620.628671,192.168.1.115,60099,41.108.179.197,1177,tcp,-,-,-,S0,1,48,0,0
1634.63583,192.168.1.115,60100,41.108.179.197,1177,tcp,2.997101,0,0,S0,2,104,0,0
1634.63363,fd2d:ab8c:225:0:81d3:fd3e:7f62:aec8,49586,fd2d:ab8c:225::1,53,udp,0.000675,34,149,SF,1,82,1,197
1634.634892,fd2d:ab8c:225:0:81d3:fd3e:7f62:aec8,50985,fd2d:ab8c:225::1,53,udp,0.000422,34,94,SF,1,82,1,142
1643.632307,192.168.1.115,60100,41.108.179.197,1177,tcp,-,-,-,S0,1,48,0,0
1657.637881,192.168.1.115,60101,41.108.179.197,1177,tcp,2.998742,0,0,S0,2,104,0,0
1657.635825,fd2d:ab8c:225:0:81d3:fd3e:7f62:aec8,59090,fd2d:ab8c:225::1,53,udp,0.000576,34,149,SF,1,82,1,197
1657.636916,fd2d:ab8c:225:0:81d3:fd3e:7f62:aec8,53967,fd2d:ab8c:225::1,53,udp,0.000475,34,94,SF,1,82,1,142
1666.635124,192.168.1.115,60101,41.108.179.197,1177,tcp,-,-,-,S0,1,48,0,0
1680.754642,192.168.1.115,60102,41.108.179.197,1177,tcp,2.994777,0,0,S0,2,104,0,0
1680.639204,fd2d:ab8c:225:0:81d3:fd3e:7f62:aec8,61434,fd2d:ab8c:225::1,53,udp,0.113926,34,50,SF,1,82,1,98
1680.753689,fd2d:ab8c:225:0:81d3:fd3e:7f62:aec8,65007,fd2d:ab8c:225::1,53,udp,0.000441,34,94,SF,1,82,1,142
1689.75809,192.168.1.115,60102,41.108.179.197,1177,tcp,-,-,-,S0,1,48,0,0
1648.248476,fe80::da58:d7ff:fe00:f72,130,ff02::1,131,icmp,-,-,-,OTH,1,72,0,0
1703.764126,192.168.1.115,60103,41.108.179.197,1177,tcp,2.998288,0,0,S0,2,104,0,0
1648.769206,fe80::e8ff:97da:2f7f:abb3,131,ff02::1:ff62:aec8,130,icmp,-,-,-,OTH,1,72,0,0
1652.713805,fe80::5dd3:6bb3:7720:1e83,131,ff02::c,130,icmp,-,-,-,OTH,1,72,0,0
1652.926405,fe80::1e6f:65ff:fec0:4392,131,ff02::fb,130,icmp,-,-,-,OTH,1,72,0,0
1703.762364,fd2d:ab8c:225:0:81d3:fd3e:7f62:aec8,51313,fd2d:ab8c:225::1,53,udp,0.00035,34,50,SF,1,82,1,98
1703.763184,fd2d:ab8c:225:0:81d3:fd3e:7f62:aec8,55985,fd2d:ab8c:225::1,53,udp,0.000482,34,94,SF,1,82,1,142
1654.220052,fe80::5dd3:6bb3:7720:1e83,131,ff02::1:ff2b:5398,130,icmp,-,-,-,OTH,1,72,0,0
1655.217878,fe80::5dd3:6bb3:7720:1e83,131,ff02::1:ff00:4f7,130,icmp,-,-,-,OTH,1,72,0,0
1655.598437,fe80::1e6f:65ff:fec0:4392,131,ff02::1:ffc0:4392,130,icmp,-,-,-,OTH,1,72,0,0
1657.22365,fe80::5dd3:6bb3:7720:1e83,131,ff02::1:ff20:1e83,130,icmp,-,-,-,OTH,1,72,0,0
1657.26167,fe80::e8ff:97da:2f7f:abb3,131,ff02::1:ff7f:abb3,130,icmp,-,-,-,OTH,1,72,0,0
1657.261814,fe80::e8ff:97da:2f7f:abb3,131,ff02::1:ff00:2c6,130,icmp,-,-,-,OTH,1,72,0,0
1712.761199,192.168.1.115,60103,41.108.179.197,1177,tcp,-,-,-,S0,1,48,0,0
1726.778137,192.168.1.115,60104,41.108.179.197,1177,tcp,2.997367,0,0,S0,2,104,0,0
1726.776209,fd2d:ab8c:225:0:81d3:fd3e:7f62:aec8,53138,fd2d:ab8c:225::1,53,udp,0.000393,34,50,SF,1,82,1,98
1726.777149,fd2d:ab8c:225:0:81d3:fd3e:7f62:aec8,50244,fd2d:ab8c:225::1,53,udp,0.000507,34,94,SF,1,82,1,142
1735.774618,192.168.1.115,60104,41.108.179.197,1177,tcp,-,-,-,S0,1,48,0,0
1750.64643,192.168.1.115,60105,41.108.179.197,1177,tcp,2.993415,0,0,S0,2,104,0,0
1749.778751,fd2d:ab8c:225:0:81d3:fd3e:7f62:aec8,52693,fd2d:ab8c:225::1,53,udp,0.866071,34,50,SF,1,82,1,98
1750.645495,fd2d:ab8c:225:0:81d3:fd3e:7f62:aec8,60507,fd2d:ab8c:225::1,53,udp,0.000496,34,94,SF,1,82,1,142
1759.648753,192.168.1.115,60105,41.108.179.197,1177,tcp,-,-,-,S0,1,48,0,0
1773.654617,192.168.1.115,60106,41.108.179.197,1177,tcp,2.998811,0,0,S0,2,104,0,0
1773.652751,fd2d:ab8c:225:0:81d3:fd3e:7f62:aec8,51000,fd2d:ab8c:225::1,53,udp,0.000373,34,50,SF,1,82,1,98
1773.65363,fd2d:ab8c:225:0:81d3:fd3e:7f62:aec8,49317,fd2d:ab8c:225::1,53,udp,0.000435,34,94,SF,1,82,1,142
1782.651561,192.168.1.115,60106,41.108.179.197,1177,tcp,-,-,-,S0,1,48,0,0
1796.668698,192.168.1.115,60107,41.108.179.197,1177,tcp,2.99764,0,0,S0,2,104,0,0
1796.666793,fd2d:ab8c:225:0:81d3:fd3e:7f62:aec8,53564,fd2d:ab8c:225::1,53,udp,0.000402,34,50,SF,1,82,1,98
1796.667743,fd2d:ab8c:225:0:81d3:fd3e:7f62:aec8,52680,fd2d:ab8c:225::1,53,udp,0.000449,34,94,SF,1,82,1,142
1805.66478,192.168.1.115,60107,41.108.179.197,1177,tcp,-,-,-,S0,1,48,0,0
1819.701902,192.168.1.115,60108,41.108.179.197,1177,tcp,3.007436,0,0,S0,2,104,0,0
1819.670049,fd2d:ab8c:225:0:81d3:fd3e:7f62:aec8,53240,fd2d:ab8c:225::1,53,udp,0.030278,34,149,SF,1,82,1,197
1819.70091,fd2d:ab8c:225:0:81d3:fd3e:7f62:aec8,57161,fd2d:ab8c:225::1,53,udp,0.000493,34,94,SF,1,82,1,142
1773.688422,fe80::da58:d7ff:fe00:f72,130,ff02::1,131,icmp,-,-,-,OTH,1,72,0,0
1828.718371,192.168.1.115,60108,41.108.179.197,1177,tcp,-,-,-,S0,1,48,0,0
1773.768709,fe80::e8ff:97da:2f7f:abb3,131,ff02::1:ff62:aec8,130,icmp,-,-,-,OTH,1,72,0,0
1773.772352,fe80::5dd3:6bb3:7720:1e83,131,ff02::1:ff00:4f7,130,icmp,-,-,-,OTH,1,72,0,0
1777.264274,fe80::e8ff:97da:2f7f:abb3,131,ff02::1:ff7f:abb3,130,icmp,-,-,-,OTH,1,72,0,0
1777.91837,fe80::1e6f:65ff:fec0:4392,131,ff02::fb,130,icmp,-,-,-,OTH,1,72,0,0
1778.265475,fe80::e8ff:97da:2f7f:abb3,131,ff02::1:ff00:2c6,130,icmp,-,-,-,OTH,1,72,0,0
1780.278877,fe80::5dd3:6bb3:7720:1e83,131,ff02::1:ff2b:5398,130,icmp,-,-,-,OTH,1,72,0,0
1780.777749,fe80::5dd3:6bb3:7720:1e83,131,ff02::c,130,icmp,-,-,-,OTH,1,72,0,0
1782.275868,fe80::5dd3:6bb3:7720:1e83,131,ff02::1:ff20:1e83,130,icmp,-,-,-,OTH,1,72,0,0
1783.214385,fe80::1e6f:65ff:fec0:4392,131,ff02::1:ffc0:4392,130,icmp,-,-,-,OTH,1,72,0,0
1842.766195,192.168.1.115,60109,41.108.179.197,1177,tcp,2.986213,0,0,S0,2,104,0,0
1842.761742,fd2d:ab8c:225:0:81d3:fd3e:7f62:aec8,60545,fd2d:ab8c:225::1,53,udp,0.000646,34,149,SF,1,82,1,197
1842.762902,fd2d:ab8c:225:0:81d3:fd3e:7f62:aec8,52947,fd2d:ab8c:225::1,53,udp,0.002783,34,94,SF,1,82,1,142
1851.750937,192.168.1.115,60109,41.108.179.197,1177,tcp,-,-,-,S0,1,48,0,0
1865.768281,192.168.1.115,60110,41.108.179.197,1177,tcp,2.997473,0,0,S0,2,104,0,0
1865.766241,fd2d:ab8c:225:0:81d3:fd3e:7f62:aec8,51908,fd2d:ab8c:225::1,53,udp,0.000685,34,149,SF,1,82,1,197
1865.76737,fd2d:ab8c:225:0:81d3:fd3e:7f62:aec8,53106,fd2d:ab8c:225::1,53,udp,0.000449,34,94,SF,1,82,1,142
1874.764211,192.168.1.115,60110,41.108.179.197,1177,tcp,-,-,-,S0,1,48,0,0
1888.806866,192.168.1.115,60111,41.108.179.197,1177,tcp,3.002088,0,0,S0,2,104,0,0
1834.379589,fd2d:ab8c:225:0:ac00:3290:42b:5398,135,ff02::1:ff00:1,136,icmp,-,-,-,OTH,1,72,0,0
1888.768574,fd2d:ab8c:225:0:81d3:fd3e:7f62:aec8,51816,fd2d:ab8c:225::1,53,udp,0.036697,34,149,SF,1,82,1,197
1888.805813,fd2d:ab8c:225:0:81d3:fd3e:7f62:aec8,53480,fd2d:ab8c:225::1,53,udp,0.000524,34,94,SF,1,82,1,142
1839.385351,fe80::5dd3:6bb3:7720:1e83,135,ff02::1:ff00:f72,136,icmp,-,-,-,OTH,1,72,0,0
1897.807188,192.168.1.115,60111,41.108.179.197,1177,tcp,-,-,-,S0,1,48,0,0
1911.814737,192.168.1.115,60112,41.108.179.197,1177,tcp,2.99673,0,0,S0,2,104,0,0
1911.812543,fd2d:ab8c:225:0:81d3:fd3e:7f62:aec8,53629,fd2d:ab8c:225::1,53,udp,0.000668,34,149,SF,1,82,1,197
1911.813788,fd2d:ab8c:225:0:81d3:fd3e:7f62:aec8,57020,fd2d:ab8c:225::1,53,udp,0.000426,34,94,SF,1,82,1,142
1920.810836,192.168.1.115,60112,41.108.179.197,1177,tcp,-,-,-,S0,1,48,0,0
1934.826582,192.168.1.115,60113,41.108.179.197,1177,tcp,2.998436,0,0,S0,2,104,0,0
1934.824522,fd2d:ab8c:225:0:81d3:fd3e:7f62:aec8,64808,fd2d:ab8c:225::1,53,udp,0.000569,34,149,SF,1,82,1,197
1934.825604,fd2d:ab8c:225:0:81d3:fd3e:7f62:aec8,52776,fd2d:ab8c:225::1,53,udp,0.000431,34,94,SF,1,82,1,142
1943.82341,192.168.1.115,60113,41.108.179.197,1177,tcp,-,-,-,S0,1,48,0,0
1899.12847,fe80::da58:d7ff:fe00:f72,130,ff02::1,131,icmp,-,-,-,OTH,1,72,0,0
1899.269461,fe80::e8ff:97da:2f7f:abb3,131,ff02::1:ff00:2c6,130,icmp,-,-,-,OTH,1,72,0,0
1900.714362,fe80::1e6f:65ff:fec0:4392,131,ff02::fb,130,icmp,-,-,-,OTH,1,72,0,0
1900.761676,fe80::e8ff:97da:2f7f:abb3,131,ff02::1:ff62:aec8,130,icmp,-,-,-,OTH,1,72,0,0
1902.26359,fe80::e8ff:97da:2f7f:abb3,131,ff02::1:ff7f:abb3,130,icmp,-,-,-,OTH,1,72,0,0
1902.337636,fe80::5dd3:6bb3:7720:1e83,131,ff02::1:ff2b:5398,130,icmp,-,-,-,OTH,1,72,0,0
1957.866006,192.168.1.115,60114,41.108.179.197,1177,tcp,3.002456,0,0,S0,2,104,0,0
1903.344199,fe80::5dd3:6bb3:7720:1e83,131,ff02::c,130,icmp,-,-,-,OTH,1,72,0,0
1904.686364,fe80::1e6f:65ff:fec0:4392,131,ff02::1:ffc0:4392,130,icmp,-,-,-,OTH,1,72,0,0
1905.849799,fe80::5dd3:6bb3:7720:1e83,131,ff02::1:ff00:4f7,130,icmp,-,-,-,OTH,1,72,0,0
1906.843555,fe80::5dd3:6bb3:7720:1e83,131,ff02::1:ff20:1e83,130,icmp,-,-,-,OTH,1,72,0,0
1957.827852,fd2d:ab8c:225:0:81d3:fd3e:7f62:aec8,61164,fd2d:ab8c:225::1,53,udp,0.036576,34,149,SF,1,82,1,197
1957.864986,fd2d:ab8c:225:0:81d3:fd3e:7f62:aec8,52544,fd2d:ab8c:225::1,53,udp,0.000495,34,94,SF,1,82,1,142
1966.866363,192.168.1.115,60114,41.108.179.197,1177,tcp,-,-,-,S0,1,48,0,0
1913.832452,fe80::da58:d7ff:fe00:f72,134,ff02::1,133,icmp,-,-,-,OTH,1,184,0,0
1980.871967,192.168.1.115,60115,41.108.179.197,1177,tcp,2.999549,0,0,S0,2,104,0,0
1980.869865,fd2d:ab8c:225:0:81d3:fd3e:7f62:aec8,58752,fd2d:ab8c:225::1,53,udp,0.000934,34,149,SF,1,82,1,197
1980.871142,fd2d:ab8c:225:0:81d3:fd3e:7f62:aec8,57326,fd2d:ab8c:225::1,53,udp,0.000475,34,94,SF,1,82,1,142
1989.869682,192.168.1.115,60115,41.108.179.197,1177,tcp,-,-,-,S0,1,48,0,0
2003.886086,192.168.1.115,60116,41.108.179.197,1177,tcp,2.998158,0,0,S0,2,104,0,0
2003.884156,fd2d:ab8c:225:0:81d3:fd3e:7f62:aec8,56777,fd2d:ab8c:225::1,53,udp,0.000604,34,149,SF,1,82,1,197
2003.885223,fd2d:ab8c:225:0:81d3:fd3e:7f62:aec8,52088,fd2d:ab8c:225::1,53,udp,0.000437,34,94,SF,1,82,1,142
2012.882785,192.168.1.115,60116,41.108.179.197,1177,tcp,-,-,-,S0,1,48,0,0
2026.919749,192.168.1.115,60117,41.108.179.197,1177,tcp,3.007775,0,0,S0,2,104,0,0
2026.887599,fd2d:ab8c:225:0:81d3:fd3e:7f62:aec8,64959,fd2d:ab8c:225::1,53,udp,0.030478,34,149,SF,1,82,1,197
2026.918662,fd2d:ab8c:225:0:81d3:fd3e:7f62:aec8,59516,fd2d:ab8c:225::1,53,udp,0.000532,34,94,SF,1,82,1,142
2035.926274,192.168.1.115,60117,41.108.179.197,1177,tcp,-,-,-,S0,1,48,0,0
2049.932764,192.168.1.115,60118,41.108.179.197,1177,tcp,2.997373,0,0,S0,2,104,0,0
2049.930594,fd2d:ab8c:225:0:81d3:fd3e:7f62:aec8,53744,fd2d:ab8c:225::1,53,udp,0.000651,34,149,SF,1,82,1,197
2049.931783,fd2d:ab8c:225:0:81d3:fd3e:7f62:aec8,64286,fd2d:ab8c:225::1,53,udp,0.000447,34,94,SF,1,82,1,142
2058.938872,192.168.1.115,60118,41.108.179.197,1177,tcp,-,-,-,S0,1,48,0,0
2072.956132,192.168.1.115,60119,41.108.179.197,1177,tcp,2.997156,0,0,S0,2,104,0,0
2072.953872,fd2d:ab8c:225:0:81d3:fd3e:7f62:aec8,53337,fd2d:ab8c:225::1,53,udp,0.000669,34,149,SF,1,82,1,197
2072.955118,fd2d:ab8c:225:0:81d3:fd3e:7f62:aec8,59748,fd2d:ab8c:225::1,53,udp,0.000492,34,94,SF,1,82,1,142
2024.568468,fe80::da58:d7ff:fe00:f72,130,ff02::1,131,icmp,-,-,-,OTH,1,72,0,0
2026.395523,fe80::5dd3:6bb3:7720:1e83,131,ff02::1:ff00:4f7,130,icmp,-,-,-,OTH,1,72,0,0
2081.95236,192.168.1.115,60119,41.108.179.197,1177,tcp,-,-,-,S0,1,48,0,0
2027.764199,fe80::e8ff:97da:2f7f:abb3,131,ff02::1:ff7f:abb3,130,icmp,-,-,-,OTH,1,72,0,0
2029.054363,fe80::1e6f:65ff:fec0:4392,131,ff02::1:ffc0:4392,130,icmp,-,-,-,OTH,1,72,0,0
2029.266329,fe80::e8ff:97da:2f7f:abb3,131,ff02::1:ff62:aec8,130,icmp,-,-,-,OTH,1,72,0,0
2030.267893,fe80::e8ff:97da:2f7f:abb3,131,ff02::1:ff00:2c6,130,icmp,-,-,-,OTH,1,72,0,0
2031.39186,fe80::5dd3:6bb3:7720:1e83,131,ff02::1:ff20:1e83,130,icmp,-,-,-,OTH,1,72,0,0
2031.895286,fe80::5dd3:6bb3:7720:1e83,131,ff02::1:ff2b:5398,130,icmp,-,-,-,OTH,1,72,0,0
2033.678348,fe80::1e6f:65ff:fec0:4392,131,ff02::fb,130,icmp,-,-,-,OTH,1,72,0,0
2033.894864,fe80::5dd3:6bb3:7720:1e83,131,ff02::c,130,icmp,-,-,-,OTH,1,72,0,0
2096.080268,192.168.1.115,60120,41.108.179.197,1177,tcp,3.006772,0,0,S0,2,104,0,0
2095.967108,fd2d:ab8c:225:0:81d3:fd3e:7f62:aec8,51495,fd2d:ab8c:225::1,53,udp,0.082919,34,149,SF,1,82,1,197
2096.050607,fd2d:ab8c:225:0:81d3:fd3e:7f62:aec8,58718,fd2d:ab8c:225::1,53,udp,0.029134,34,94,SF,1,82,1,142
2105.085319,192.168.1.115,60120,41.108.179.197,1177,tcp,-,-,-,S0,1,48,0,0
2119.092477,192.168.1.115,60121,41.108.179.197,1177,tcp,2.997331,0,0,S0,2,104,0,0
2119.090457,fd2d:ab8c:225:0:81d3:fd3e:7f62:aec8,55761,fd2d:ab8c:225::1,53,udp,0.000562,34,149,SF,1,82,1,197
2119.091571,fd2d:ab8c:225:0:81d3:fd3e:7f62:aec8,57317,fd2d:ab8c:225::1,53,udp,0.000422,34,94,SF,1,82,1,142
2128.098657,192.168.1.115,60121,41.108.179.197,1177,tcp,-,-,-,S0,1,48,0,0
2142.105788,192.168.1.115,60122,41.108.179.197,1177,tcp,2.997125,0,0,S0,2,104,0,0
2142.102778,fd2d:ab8c:225:0:81d3:fd3e:7f62:aec8,54907,fd2d:ab8c:225::1,53,udp,0.001102,34,149,SF,1,82,1,197
2142.104389,fd2d:ab8c:225:0:81d3:fd3e:7f62:aec8,62927,fd2d:ab8c:225::1,53,udp,0.000926,34,94,SF,1,82,1,142
2151.101159,192.168.1.115,60122,41.108.179.197,1177,tcp,-,-,-,S0,1,48,0,0
2165.184773,192.168.1.115,60123,41.108.179.197,1177,tcp,3.001342,0,0,S0,2,104,0,0
2165.116804,fd2d:ab8c:225:0:81d3:fd3e:7f62:aec8,62920,fd2d:ab8c:225::1,53,udp,0.06618,34,149,SF,1,82,1,197
2165.183715,fd2d:ab8c:225:0:81d3:fd3e:7f62:aec8,52147,fd2d:ab8c:225::1,53,udp,0.00051,34,94,SF,1,82,1,142
2174.184673,192.168.1.115,60123,41.108.179.197,1177,tcp,-,-,-,S0,1,48,0,0
2188.275344,192.168.1.115,60124,41.108.179.197,1177,tcp,2.993779,0,0,S0,2,104,0,0
2188.189893,fd2d:ab8c:225:0:81d3:fd3e:7f62:aec8,49786,fd2d:ab8c:225::1,53,udp,0.067844,34,149,SF,1,82,1,197
2188.258458,fd2d:ab8c:225:0:81d3:fd3e:7f62:aec8,57732,fd2d:ab8c:225::1,53,udp,0.0163,34,94,SF,1,82,1,142
2197.277959,192.168.1.115,60124,41.108.179.197,1177,tcp,-,-,-,S0,1,48,0,0
2150.008609,fe80::da58:d7ff:fe00:f72,130,ff02::1,131,icmp,-,-,-,OTH,1,72,0,0
2150.270289,fe80::e8ff:97da:2f7f:abb3,131,ff02::1:ff62:aec8,130,icmp,-,-,-,OTH,1,72,0,0
2150.270451,fe80::e8ff:97da:2f7f:abb3,131,ff02::1:ff00:2c6,130,icmp,-,-,-,OTH,1,72,0,0
2151.957062,fe80::5dd3:6bb3:7720:1e83,131,ff02::1:ff00:4f7,130,icmp,-,-,-,OTH,1,72,0,0
2152.75151,fe80::da58:d7ff:fe00:f72,134,ff02::1,133,icmp,-,-,-,OTH,1,184,0,0
2152.764157,fe80::e8ff:97da:2f7f:abb3,131,ff02::1:ff7f:abb3,130,icmp,-,-,-,OTH,1,72,0,0
2155.95329,fe80::5dd3:6bb3:7720:1e83,131,ff02::1:ff2b:5398,130,icmp,-,-,-,OTH,1,72,0,0
2156.457227,fe80::5dd3:6bb3:7720:1e83,131,ff02::c,130,icmp,-,-,-,OTH,1,72,0,0
2211.626156,192.168.1.115,60125,41.108.179.197,1177,tcp,2.996933,0,0,S0,2,104,0,0
2156.948796,fe80::5dd3:6bb3:7720:1e83,131,ff02::1:ff20:1e83,130,icmp,-,-,-,OTH,1,72,0,0
2157.230326,fe80::1e6f:65ff:fec0:4392,131,ff02::1:ffc0:4392,130,icmp,-,-,-,OTH,1,72,0,0
2158.734363,fe80::1e6f:65ff:fec0:4392,131,ff02::fb,130,icmp,-,-,-,OTH,1,72,0,0
2211.282807,fd2d:ab8c:225:0:81d3:fd3e:7f62:aec8,55517,fd2d:ab8c:225::1,53,udp,0.22848,34,149,SF,1,82,1,197
2211.512033,fd2d:ab8c:225:0:81d3:fd3e:7f62:aec8,49828,fd2d:ab8c:225::1,53,udp,0.113607,34,94,SF,1,82,1,142
2220.621505,192.168.1.115,60125,41.108.179.197,1177,tcp,-,-,-,S0,1,48,0,0
2234.636116,192.168.1.115,60126,41.108.179.197,1177,tcp,2.999758,0,0,S0,2,104,0,0
2234.634157,fd2d:ab8c:225:0:81d3:fd3e:7f62:aec8,52421,fd2d:ab8c:225::1,53,udp,0.000635,34,149,SF,1,82,1,197
2234.635312,fd2d:ab8c:225:0:81d3:fd3e:7f62:aec8,60278,fd2d:ab8c:225::1,53,udp,0.000299,34,94,SF,1,82,1,142
2243.635037,192.168.1.115,60126,41.108.179.197,1177,tcp,-,-,-,S0,1,48,0,0
2258.049491,192.168.1.115,60127,41.108.179.197,1177,tcp,3.00027,0,0,S0,2,104,0,0
2257.639664,fd2d:ab8c:225:0:81d3:fd3e:7f62:aec8,57393,fd2d:ab8c:225::1,53,udp,0.256396,34,50,SF,1,82,1,98
2257.896791,fd2d:ab8c:225:0:81d3:fd3e:7f62:aec8,50924,fd2d:ab8c:225::1,53,udp,0.152129,34,94,SF,1,82,1,142
2267.058021,192.168.1.115,60127,41.108.179.197,1177,tcp,-,-,-,S0,1,48,0,0
2281.06462,192.168.1.115,60128,41.108.179.197,1177,tcp,2.99811,0,0,S0,2,104,0,0
2281.061612,fd2d:ab8c:225:0:81d3:fd3e:7f62:aec8,59611,fd2d:ab8c:225::1,53,udp,0.001028,34,50,SF,1,82,1,98
2281.063186,fd2d:ab8c:225:0:81d3:fd3e:7f62:aec8,50814,fd2d:ab8c:225::1,53,udp,0.000921,34,94,SF,1,82,1,142
2290.061394,192.168.1.115,60128,41.108.179.197,1177,tcp,-,-,-,S0,1,48,0,0
2244.558965,fd2d:ab8c:225:0:ac00:3290:42b:5398,135,ff02::1:ff00:1,136,icmp,-,-,-,OTH,1,72,0,0
2304.078042,192.168.1.115,60129,41.108.179.197,1177,tcp,2.997876,0,0,S0,2,104,0,0
2249.560655,fe80::5dd3:6bb3:7720:1e83,135,ff02::1:ff00:f72,136,icmp,-,-,-,OTH,1,72,0,0
2304.076013,fd2d:ab8c:225:0:81d3:fd3e:7f62:aec8,49685,fd2d:ab8c:225::1,53,udp,0.000486,34,50,SF,1,82,1,98
2304.077047,fd2d:ab8c:225:0:81d3:fd3e:7f62:aec8,56658,fd2d:ab8c:225::1,53,udp,0.000481,34,94,SF,1,82,1,142
2313.074144,192.168.1.115,60129,41.108.179.197,1177,tcp,-,-,-,S0,1,48,0,0
2327.311505,192.168.1.115,60130,41.108.179.197,1177,tcp,3.008022,0,0,S0,2,104,0,0
2275.448614,fe80::da58:d7ff:fe00:f72,130,ff02::1,131,icmp,-,-,-,OTH,1,72,0,0
2327.079069,fd2d:ab8c:225:0:81d3:fd3e:7f62:aec8,57802,fd2d:ab8c:225::1,53,udp,0.230661,34,50,SF,1,82,1,98
2327.310445,fd2d:ab8c:225:0:81d3:fd3e:7f62:aec8,64849,fd2d:ab8c:225::1,53,udp,0.00054,34,94,SF,1,82,1,142
2278.49957,fe80::5dd3:6bb3:7720:1e83,131,ff02::c,130,icmp,-,-,-,OTH,1,72,0,0
2280.012302,fe80::5dd3:6bb3:7720:1e83,131,ff02::1:ff20:1e83,130,icmp,-,-,-,OTH,1,72,0,0
2281.015495,fe80::5dd3:6bb3:7720:1e83,131,ff02::1:ff2b:5398,130,icmp,-,-,-,OTH,1,72,0,0
2336.32757,192.168.1.115,60130,41.108.179.197,1177,tcp,-,-,-,S0,1,48,0,0
2281.769628,fe80::e8ff:97da:2f7f:abb3,131,ff02::1:ff62:aec8,130,icmp,-,-,-,OTH,1,72,0,0
2281.76979,fe80::e8ff:97da:2f7f:abb3,131,ff02::1:ff00:2c6,130,icmp,-,-,-,OTH,1,72,0,0
2283.512119,fe80::5dd3:6bb3:7720:1e83,131,ff02::1:ff00:4f7,130,icmp,-,-,-,OTH,1,72,0,0
2284.238345,fe80::1e6f:65ff:fec0:4392,131,ff02::1:ffc0:4392,130,icmp,-,-,-,OTH,1,72,0,0
2284.263216,fe80::e8ff:97da:2f7f:abb3,131,ff02::1:ff7f:abb3,130,icmp,-,-,-,OTH,1,72,0,0
2285.454365,fe80::1e6f:65ff:fec0:4392,131,ff02::fb,130,icmp,-,-,-,OTH,1,72,0,0
2350.333958,192.168.1.115,60131,41.108.179.197,1177,tcp,2.998647,0,0,S0,2,104,0,0
2350.332283,fd2d:ab8c:225:0:81d3:fd3e:7f62:aec8,50672,fd2d:ab8c:225::1,53,udp,0.000335,34,50,SF,1,82,1,98
2350.333084,fd2d:ab8c:225:0:81d3:fd3e:7f62:aec8,55347,fd2d:ab8c:225::1,53,udp,0.000431,34,94,SF,1,82,1,142
2359.331032,192.168.1.115,60131,41.108.179.197,1177,tcp,-,-,-,S0,1,48,0,0
2373.347573,192.168.1.115,60132,41.108.179.197,1177,tcp,2.997473,0,0,S0,2,104,0,0
2373.345596,fd2d:ab8c:225:0:81d3:fd3e:7f62:aec8,60303,fd2d:ab8c:225::1,53,udp,0.000433,34,50,SF,1,82,1,98
2373.346597,fd2d:ab8c:225:0:81d3:fd3e:7f62:aec8,52638,fd2d:ab8c:225::1,53,udp,0.000461,34,94,SF,1,82,1,142
2382.343787,192.168.1.115,60132,41.108.179.197,1177,tcp,-,-,-,S0,1,48,0,0
2396.808891,192.168.1.115,60133,41.108.179.197,1177,tcp,3.010629,0,0,S0,2,104,0,0
2396.348666,fd2d:ab8c:225:0:81d3:fd3e:7f62:aec8,54936,fd2d:ab8c:225::1,53,udp,0.296788,34,149,SF,1,82,1,197
2396.646012,fd2d:ab8c:225:0:81d3:fd3e:7f62:aec8,62041,fd2d:ab8c:225::1,53,udp,0.162339,34,94,SF,1,82,1,142
2405.827977,192.168.1.115,60133,41.108.179.197,1177,tcp,-,-,-,S0,1,48,0,0
2354.163369,fd2d:ab8c:225:0:ac00:3290:42b:5398,135,ff02::1:ff00:1,136,icmp,-,-,-,OTH,1,72,0,0
2359.176792,fe80::5dd3:6bb3:7720:1e83,135,ff02::1:ff00:f72,136,icmp,-,-,-,OTH,1,72,0,0
2419.834554,192.168.1.115,60134,41.108.179.197,1177,tcp,2.997596,0,0,S0,2,104,0,0
2419.832438,fd2d:ab8c:225:0:81d3:fd3e:7f62:aec8,58459,fd2d:ab8c:225::1,53,udp,0.000627,34,149,SF,1,82,1,197
2419.833613,fd2d:ab8c:225:0:81d3:fd3e:7f62:aec8,62633,fd2d:ab8c:225::1,53,udp,0.000416,34,94,SF,1,82,1,142
2428.831303,192.168.1.115,60134,41.108.179.197,1177,tcp,-,-,-,S0,1,48,0,0
2442.847793,192.168.1.115,60135,41.108.179.197,1177,tcp,2.997243,0,0,S0,2,104,0,0
2442.845557,fd2d:ab8c:225:0:81d3:fd3e:7f62:aec8,62630,fd2d:ab8c:225::1,53,udp,0.000614,34,149,SF,1,82,1,197
2442.846789,fd2d:ab8c:225:0:81d3:fd3e:7f62:aec8,58873,fd2d:ab8c:225::1,53,udp,0.000464,34,94,SF,1,82,1,142
2451.843959,192.168.1.115,60135,41.108.179.197,1177,tcp,-,-,-,S0,1,48,0,0
2400.888464,fe80::da58:d7ff:fe00:f72,130,ff02::1,131,icmp,-,-,-,OTH,1,72,0,0
2401.054001,fe80::5dd3:6bb3:7720:1e83,131,ff02::1:ff00:4f7,130,icmp,-,-,-,OTH,1,72,0,0
2401.261587,fe80::e8ff:97da:2f7f:abb3,131,ff02::1:ff7f:abb3,130,icmp,-,-,-,OTH,1,72,0,0
2401.261727,fe80::e8ff:97da:2f7f:abb3,131,ff02::1:ff00:2c6,130,icmp,-,-,-,OTH,1,72,0,0
2402.818387,fe80::1e6f:65ff:fec0:4392,131,ff02::fb,130,icmp,-,-,-,OTH,1,72,0,0
2403.063319,fe80::5dd3:6bb3:7720:1e83,131,ff02::c,130,icmp,-,-,-,OTH,1,72,0,0
2406.190387,fe80::1e6f:65ff:fec0:4392,131,ff02::1:ffc0:4392,130,icmp,-,-,-,OTH,1,72,0,0
2406.556463,fe80::5dd3:6bb3:7720:1e83,131,ff02::1:ff2b:5398,130,icmp,-,-,-,OTH,1,72,0,0
2407.048704,fe80::5dd3:6bb3:7720:1e83,131,ff02::1:ff20:1e83,130,icmp,-,-,-,OTH,1,72,0,0
2409.76338,fe80::e8ff:97da:2f7f:abb3,131,ff02::1:ff62:aec8,130,icmp,-,-,-,OTH,1,72,0,0
2466.153694,192.168.1.115,60136,41.108.179.197,1177,tcp,3.004871,0,0,S0,2,104,0,0
2465.849009,fd2d:ab8c:225:0:81d3:fd3e:7f62:aec8,58011,fd2d:ab8c:225::1,53,udp,0.189887,34,50,SF,1,82,1,98
2466.039502,fd2d:ab8c:225:0:81d3:fd3e:7f62:aec8,55592,fd2d:ab8c:225::1,53,udp,0.113676,34,94,SF,1,82,1,142
2475.157871,192.168.1.115,60136,41.108.179.197,1177,tcp,-,-,-,S0,1,48,0,0
2434.397432,fd2d:ab8c:225:0:ac00:3290:42b:5398,135,ff02::1:ff00:1,136,icmp,-,-,-,OTH,1,72,0,0
2489.457208,192.168.1.115,60137,41.108.179.197,1177,tcp,2.994941,0,0,S0,2,104,0,0
2489.162448,fd2d:ab8c:225:0:81d3:fd3e:7f62:aec8,53989,fd2d:ab8c:225::1,53,udp,0.278443,34,50,SF,1,82,1,98
2439.417293,fe80::5dd3:6bb3:7720:1e83,135,ff02::1:ff00:f72,136,icmp,-,-,-,OTH,1,72,0,0
2489.441503,fd2d:ab8c:225:0:81d3:fd3e:7f62:aec8,60481,fd2d:ab8c:225::1,53,udp,0.015181,34,94,SF,1,82,1,142
2498.451354,192.168.1.115,60137,41.108.179.197,1177,tcp,-,-,-,S0,1,48,0,0
2512.656834,192.168.1.115,60138,41.108.179.197,1177,tcp,2.998972,0,0,S0,2,104,0,0
2512.465581,fd2d:ab8c:225:0:81d3:fd3e:7f62:aec8,62567,fd2d:ab8c:225::1,53,udp,0.175125,34,149,SF,1,82,1,197
2512.641303,fd2d:ab8c:225:0:81d3:fd3e:7f62:aec8,51211,fd2d:ab8c:225::1,53,udp,0.014994,34,94,SF,1,82,1,142
2521.654527,192.168.1.115,60138,41.108.179.197,1177,tcp,-,-,-,S0,1,48,0,0
2471.680139,fe80::da58:d7ff:fe00:f72,134,ff02::1,133,icmp,-,-,-,OTH,1,184,0,0
762.553166,fe80::da58:d7ff:fe00:f72,136,fe80::e8ff:97da:2f7f:abb3,135,icmp,1713.215752,616,888,OTH,38,2440,37,2664
767.560616,fe80::da58:d7ff:fe00:f72,135,fe80::e8ff:97da:2f7f:abb3,136,icmp,1713.216032,912,912,OTH,38,2736,38,2736
2536.706814,192.168.1.115,60139,41.108.179.197,1177,tcp,2.993769,0,0,S0,2,104,0,0
2536.656,192.168.1.115,57795,8.8.8.8,53,udp,0.024947,34,50,SF,1,62,1,78
2536.681589,192.168.1.115,63979,8.8.8.8,53,udp,0.024757,34,94,SF,1,62,1,122
2545.709163,192.168.1.115,60139,41.108.179.197,1177,tcp,-,-,-,S0,1,48,0,0
2535.658913,fd2d:ab8c:225:0:81d3:fd3e:7f62:aec8,55858,fd2d:ab8c:225::1,53,udp,1.910274,34,149,SF,1,82,1,197
2559.925185,192.168.1.115,60140,41.108.179.197,1177,tcp,2.998434,0,0,S0,2,104,0,0
2559.712555,fd2d:ab8c:225:0:81d3:fd3e:7f62:aec8,57711,fd2d:ab8c:225::1,53,udp,0.196447,34,149,SF,1,82,1,197
2559.909585,fd2d:ab8c:225:0:81d3:fd3e:7f62:aec8,50765,fd2d:ab8c:225::1,53,udp,0.01504,34,94,SF,1,82,1,142
2568.922333,192.168.1.115,60140,41.108.179.197,1177,tcp,-,-,-,S0,1,48,0,0
2526.328404,fe80::da58:d7ff:fe00:f72,130,ff02::1,131,icmp,-,-,-,OTH,1,72,0,0
2527.486385,fe80::1e6f:65ff:fec0:4392,131,ff02::1:ffc0:4392,130,icmp,-,-,-,OTH,1,72,0,0
2583.866826,192.168.1.115,60141,41.108.179.197,1177,tcp,3.00151,0,0,S0,2,104,0,0
2529.119336,fe80::5dd3:6bb3:7720:1e83,131,ff02::1:ff00:4f7,130,icmp,-,-,-,OTH,1,72,0,0
2529.265693,fe80::e8ff:97da:2f7f:abb3,131,ff02::1:ff7f:abb3,130,icmp,-,-,-,OTH,1,72,0,0
2529.619458,fe80::5dd3:6bb3:7720:1e83,131,ff02::1:ff2b:5398,130,icmp,-,-,-,OTH,1,72,0,0
2530.267506,fe80::e8ff:97da:2f7f:abb3,131,ff02::1:ff62:aec8,130,icmp,-,-,-,OTH,1,72,0,0
2530.846387,fe80::1e6f:65ff:fec0:4392,131,ff02::fb,130,icmp,-,-,-,OTH,1,72,0,0
2532.116173,fe80::5dd3:6bb3:7720:1e83,131,ff02::1:ff20:1e83,130,icmp,-,-,-,OTH,1,72,0,0
2582.926807,fd2d:ab8c:225:0:81d3:fd3e:7f62:aec8,61911,fd2d:ab8c:225::1,53,udp,0.827146,34,149,SF,1,82,1,197
2583.754662,fd2d:ab8c:225:0:81d3:fd3e:7f62:aec8,61801,fd2d:ab8c:225::1,53,udp,0.111585,34,94,SF,1,82,1,142
2534.262199,fe80::e8ff:97da:2f7f:abb3,131,ff02::1:ff00:2c6,130,icmp,-,-,-,OTH,1,72,0,0
2534.611436,fe80::5dd3:6bb3:7720:1e83,131,ff02::c,130,icmp,-,-,-,OTH,1,72,0,0
2537.569457,fd2d:ab8c:225:0:81d3:fd3e:7f62:aec8,1,fd2d:ab8c:225::1,4,icmp,-,-,-,OTH,1,245,0,0
2592.866461,192.168.1.115,60141,41.108.179.197,1177,tcp,-,-,-,S0,1,48,0,0
2542.584734,fe80::e8ff:97da:2f7f:abb3,135,ff02::1:ff00:f72,136,icmp,-,-,-,OTH,1,72,0,0
2607.320987,192.168.1.115,60142,41.108.179.197,1177,tcp,2.990787,0,0,S0,2,104,0,0
2606.872215,fd2d:ab8c:225:0:81d3:fd3e:7f62:aec8,55478,fd2d:ab8c:225::1,53,udp,0.304169,34,149,SF,1,82,1,197
2607.176961,fd2d:ab8c:225:0:81d3:fd3e:7f62:aec8,60134,fd2d:ab8c:225::1,53,udp,0.143504,34,94,SF,1,82,1,142
2616.310718,192.168.1.115,60142,41.108.179.197,1177,tcp,-,-,-,S0,1,48,0,0
2630.327076,192.168.1.115,60143,41.108.179.197,1177,tcp,2.997457,0,0,S0,2,104,0,0
2630.324956,fd2d:ab8c:225:0:81d3:fd3e:7f62:aec8,50472,fd2d:ab8c:225::1,53,udp,0.000554,34,149,SF,1,82,1,197
2630.326079,fd2d:ab8c:225:0:81d3:fd3e:7f62:aec8,53988,fd2d:ab8c:225::1,53,udp,0.00048,34,94,SF,1,82,1,142
2639.323802,192.168.1.115,60143,41.108.179.197,1177,tcp,-,-,-,S0,1,48,0,0
2542.585366,fe80::da58:d7ff:fe00:f72,136,fe80::e8ff:97da:2f7f:abb3,135,icmp,50.682535,40,24,OTH,2,136,1,72
2547.592395,fe80::da58:d7ff:fe00:f72,135,fe80::e8ff:97da:2f7f:abb3,136,icmp,50.688267,48,48,OTH,2,144,2,144
2653.531056,192.168.1.115,60144,41.108.179.197,1177,tcp,3.007204,0,0,S0,2,104,0,0
2653.32851,fd2d:ab8c:225:0:81d3:fd3e:7f62:aec8,57698,fd2d:ab8c:225::1,53,udp,0.186008,34,50,SF,1,82,1,98
2653.515178,fd2d:ab8c:225:0:81d3:fd3e:7f62:aec8,62229,fd2d:ab8c:225::1,53,udp,0.015355,34,94,SF,1,82,1,142
2662.537133,192.168.1.115,60144,41.108.179.197,1177,tcp,-,-,-,S0,1,48,0,0
2676.680988,192.168.1.115,60145,41.108.179.197,1177,tcp,3.000757,0,0,S0,2,104,0,0
2676.541879,fd2d:ab8c:225:0:81d3:fd3e:7f62:aec8,56845,fd2d:ab8c:225::1,53,udp,0.108899,34,149,SF,1,82,1,197
2676.651363,fd2d:ab8c:225:0:81d3:fd3e:7f62:aec8,62104,fd2d:ab8c:225::1,53,udp,0.029071,34,94,SF,1,82,1,142
2685.679901,192.168.1.115,60145,41.108.179.197,1177,tcp,-,-,-,S0,1,48,0,0
2699.697124,192.168.1.115,60146,41.108.179.197,1177,tcp,2.997636,0,0,S0,2,104,0,0
2699.69492,fd2d:ab8c:225:0:81d3:fd3e:7f62:aec8,56019,fd2d:ab8c:225::1,53,udp,0.000657,34,149,SF,1,82,1,197
2699.696136,fd2d:ab8c:225:0:81d3:fd3e:7f62:aec8,53447,fd2d:ab8c:225::1,53,udp,0.000469,34,94,SF,1,82,1,142
2651.768436,fe80::da58:d7ff:fe00:f72,130,ff02::1,131,icmp,-,-,-,OTH,1,72,0,0
2652.262039,fe80::e8ff:97da:2f7f:abb3,131,ff02::1:ff00:2c6,130,icmp,-,-,-,OTH,1,72,0,0
2652.68058,fe80::5dd3:6bb3:7720:1e83,131,ff02::1:ff00:4f7,130,icmp,-,-,-,OTH,1,72,0,0
2653.263455,fe80::e8ff:97da:2f7f:abb3,131,ff02::1:ff7f:abb3,130,icmp,-,-,-,OTH,1,72,0,0
2708.692955,192.168.1.115,60146,41.108.179.197,1177,tcp,-,-,-,S0,1,48,0,0
2654.198374,fe80::1e6f:65ff:fec0:4392,131,ff02::1:ffc0:4392,130,icmp,-,-,-,OTH,1,72,0,0
2656.164585,fe80::5dd3:6bb3:7720:1e83,131,ff02::1:ff20:1e83,130,icmp,-,-,-,OTH,1,72,0,0
2656.16464,fe80::5dd3:6bb3:7720:1e83,131,ff02::1:ff2b:5398,130,icmp,-,-,-,OTH,1,72,0,0
2657.177609,fe80::5dd3:6bb3:7720:1e83,131,ff02::c,130,icmp,-,-,-,OTH,1,72,0,0
2657.614383,fe80::1e6f:65ff:fec0:4392,131,ff02::fb,130,icmp,-,-,-,OTH,1,72,0,0
2658.520671,fe80::e8ff:97da:2f7f:abb3,135,ff02::1:ff00:f72,136,icmp,-,-,-,OTH,1,72,0,0
2658.761736,fe80::e8ff:97da:2f7f:abb3,131,ff02::1:ff62:aec8,130,icmp,-,-,-,OTH,1,72,0,0
2722.699688,192.168.1.115,60147,41.108.179.197,1177,tcp,3.007727,0,0,S0,2,104,0,0
2722.69745,fd2d:ab8c:225:0:81d3:fd3e:7f62:aec8,60147,fd2d:ab8c:225::1,53,udp,0.000637,34,149,SF,1,82,1,197
2722.698724,fd2d:ab8c:225:0:81d3:fd3e:7f62:aec8,49303,fd2d:ab8c:225::1,53,udp,0.000407,34,94,SF,1,82,1,142
2731.706323,192.168.1.115,60147,41.108.179.197,1177,tcp,-,-,-,S0,1,48,0,0
2746.050521,192.168.1.115,60148,41.108.179.197,1177,tcp,3.000923,0,0,S0,2,104,0,0
2745.712888,fd2d:ab8c:225:0:81d3:fd3e:7f62:aec8,52439,fd2d:ab8c:225::1,53,udp,0.335775,34,149,SF,1,82,1,197
2746.049356,fd2d:ab8c:225:0:81d3:fd3e:7f62:aec8,62301,fd2d:ab8c:225::1,53,udp,0.000532,34,94,SF,1,82,1,142
2755.049766,192.168.1.115,60148,41.108.179.197,1177,tcp,-,-,-,S0,1,48,0,0
2769.066512,192.168.1.115,60149,41.108.179.197,1177,tcp,2.997781,0,0,S0,2,104,0,0
2769.064295,fd2d:ab8c:225:0:81d3:fd3e:7f62:aec8,50292,fd2d:ab8c:225::1,53,udp,0.000629,34,149,SF,1,82,1,197
2769.06545,fd2d:ab8c:225:0:81d3:fd3e:7f62:aec8,63240,fd2d:ab8c:225::1,53,udp,0.000452,34,94,SF,1,82,1,142
2778.062645,192.168.1.115,60149,41.108.179.197,1177,tcp,-,-,-,S0,1,48,0,0
2792.069859,192.168.1.115,60150,41.108.179.197,1177,tcp,3.007646,0,0,S0,2,104,0,0
2738.489878,fe80::da58:d7ff:fe00:f72,134,ff02::1,133,icmp,-,-,-,OTH,1,184,0,0
2792.067809,fd2d:ab8c:225:0:81d3:fd3e:7f62:aec8,57791,fd2d:ab8c:225::1,53,udp,0.000578,34,149,SF,1,82,1,197
2792.068903,fd2d:ab8c:225:0:81d3:fd3e:7f62:aec8,50662,fd2d:ab8c:225::1,53,udp,0.000471,34,94,SF,1,82,1,142
2742.861307,fd2d:ab8c:225:0:ac00:3290:42b:5398,135,ff02::1:ff00:1,136,icmp,-,-,-,OTH,1,72,0,0
2801.076487,192.168.1.115,60150,41.108.179.197,1177,tcp,-,-,-,S0,1,48,0,0
2747.865303,fe80::5dd3:6bb3:7720:1e83,135,ff02::1:ff00:f72,136,icmp,-,-,-,OTH,1,72,0,0
2815.185372,192.168.1.115,60151,41.108.179.197,1177,tcp,2.995409,0,0,S0,2,104,0,0
2815.080719,fd2d:ab8c:225:0:81d3:fd3e:7f62:aec8,53326,fd2d:ab8c:225::1,53,udp,0.103093,34,149,SF,1,82,1,197
2815.184367,fd2d:ab8c:225:0:81d3:fd3e:7f62:aec8,53542,fd2d:ab8c:225::1,53,udp,0.000484,34,94,SF,1,82,1,142
2824.179352,192.168.1.115,60151,41.108.179.197,1177,tcp,-,-,-,S0,1,48,0,0
2777.208396,fe80::da58:d7ff:fe00:f72,130,ff02::1,131,icmp,-,-,-,OTH,1,72,0,0
2777.26185,fe80::e8ff:97da:2f7f:abb3,131,ff02::1:ff7f:abb3,130,icmp,-,-,-,OTH,1,72,0,0
2778.263121,fe80::e8ff:97da:2f7f:abb3,131,ff02::1:ff62:aec8,130,icmp,-,-,-,OTH,1,72,0,0
2780.235645,fe80::5dd3:6bb3:7720:1e83,131,ff02::c,130,icmp,-,-,-,OTH,1,72,0,0
2780.574413,fe80::1e6f:65ff:fec0:4392,131,ff02::1:ffc0:4392,130,icmp,-,-,-,OTH,1,72,0,0
2780.741634,fe80::5dd3:6bb3:7720:1e83,131,ff02::1:ff20:1e83,130,icmp,-,-,-,OTH,1,72,0,0
2782.741254,fe80::5dd3:6bb3:7720:1e83,131,ff02::1:ff00:4f7,130,icmp,-,-,-,OTH,1,72,0,0
2838.543555,192.168.1.115,60152,41.108.179.197,1177,tcp,3.000568,0,0,S0,2,104,0,0
2784.738644,fe80::5dd3:6bb3:7720:1e83,131,ff02::1:ff2b:5398,130,icmp,-,-,-,OTH,1,72,0,0
2784.762409,fe80::e8ff:97da:2f7f:abb3,131,ff02::1:ff00:2c6,130,icmp,-,-,-,OTH,1,72,0,0
2786.06239,fe80::1e6f:65ff:fec0:4392,131,ff02::fb,130,icmp,-,-,-,OTH,1,72,0,0
2838.193274,fd2d:ab8c:225:0:81d3:fd3e:7f62:aec8,55531,fd2d:ab8c:225::1,53,udp,0.237093,34,50,SF,1,82,1,98
2838.430946,fd2d:ab8c:225:0:81d3:fd3e:7f62:aec8,50090,fd2d:ab8c:225::1,53,udp,0.111997,34,94,SF,1,82,1,142
2847.542559,192.168.1.115,60152,41.108.179.197,1177,tcp,-,-,-,S0,1,48,0,0
2861.549825,192.168.1.115,60153,41.108.179.197,1177,tcp,3.007879,0,0,S0,2,104,0,0
2861.54798,fd2d:ab8c:225:0:81d3:fd3e:7f62:aec8,63096,fd2d:ab8c:225::1,53,udp,0.00041,34,50,SF,1,82,1,98
2861.548901,fd2d:ab8c:225:0:81d3:fd3e:7f62:aec8,61143,fd2d:ab8c:225::1,53,udp,0.000484,34,94,SF,1,82,1,142
2870.555857,192.168.1.115,60153,41.108.179.197,1177,tcp,-,-,-,S0,1,48,0,0
2884.562046,192.168.1.115,60154,41.108.179.197,1177,tcp,2.998703,0,0,S0,2,104,0,0
2884.560136,fd2d:ab8c:225:0:81d3:fd3e:7f62:aec8,51176,fd2d:ab8c:225::1,53,udp,0.000434,34,50,SF,1,82,1,98
2884.561057,fd2d:ab8c:225:0:81d3:fd3e:7f62:aec8,62578,fd2d:ab8c:225::1,53,udp,0.00052,34,94,SF,1,82,1,142
2893.569028,192.168.1.115,60154,41.108.179.197,1177,tcp,-,-,-,S0,1,48,0,0
2838.989035,fd2d:ab8c:225:0:ac00:3290:42b:5398,135,ff02::1:ff00:1,136,icmp,-,-,-,OTH,1,72,0,0
2843.993248,fe80::5dd3:6bb3:7720:1e83,135,ff02::1:ff00:f72,136,icmp,-,-,-,OTH,1,72,0,0
762.552641,fe80::da58:d7ff:fe00:f72,135,fd2d:ab8c:225:0:81d3:fd3e:7f62:aec8,136,icmp,2085.216004,1320,1320,OTH,55,3960,55,3960
2907.71172,192.168.1.115,60155,41.108.179.197,1177,tcp,3.001691,0,0,S0,2,104,0,0
2658.52094,fe80::da58:d7ff:fe00:f72,136,fe80::e8ff:97da:2f7f:abb3,135,icmp,194.740652,88,96,OTH,5,328,4,288
2907.584024,fd2d:ab8c:225:0:81d3:fd3e:7f62:aec8,55813,fd2d:ab8c:225::1,53,udp,0.096893,34,149,SF,1,82,1,197
2907.681491,fd2d:ab8c:225:0:81d3:fd3e:7f62:aec8,61891,fd2d:ab8c:225::1,53,udp,0.02971,34,94,SF,1,82,1,142
2663.528369,fe80::da58:d7ff:fe00:f72,135,fe80::e8ff:97da:2f7f:abb3,136,icmp,194.736325,120,120,OTH,5,360,5,360
2916.711939,192.168.1.115,60155,41.108.179.197,1177,tcp,-,-,-,S0,1,48,0,0
2930.719867,192.168.1.115,60156,41.108.179.197,1177,tcp,3.007164,0,0,S0,2,104,0,0
2930.717488,fd2d:ab8c:225:0:81d3:fd3e:7f62:aec8,58719,fd2d:ab8c:225::1,53,udp,0.000656,34,149,SF,1,82,1,197
2930.718742,fd2d:ab8c:225:0:81d3:fd3e:7f62:aec8,61635,fd2d:ab8c:225::1,53,udp,0.000607,34,94,SF,1,82,1,142
2939.725782,192.168.1.115,60156,41.108.179.197,1177,tcp,-,-,-,S0,1,48,0,0
2953.86431,192.168.1.115,60157,41.108.179.197,1177,tcp,2.995432,0,0,S0,2,104,0,0
2902.648404,fe80::da58:d7ff:fe00:f72,130,ff02::1,131,icmp,-,-,-,OTH,1,72,0,0
2902.762442,fe80::e8ff:97da:2f7f:abb3,131,ff02::1:ff62:aec8,130,icmp,-,-,-,OTH,1,72,0,0
2902.76259,fe80::e8ff:97da:2f7f:abb3,131,ff02::1:ff00:2c6,130,icmp,-,-,-,OTH,1,72,0,0
2903.022403,fe80::1e6f:65ff:fec0:4392,131,ff02::1:ffc0:4392,130,icmp,-,-,-,OTH,1,72,0,0
2903.262892,fe80::e8ff:97da:2f7f:abb3,131,ff02::1:ff7f:abb3,130,icmp,-,-,-,OTH,1,72,0,0
2903.674367,fe80::1e6f:65ff:fec0:4392,131,ff02::fb,130,icmp,-,-,-,OTH,1,72,0,0
2953.730247,fd2d:ab8c:225:0:81d3:fd3e:7f62:aec8,60039,fd2d:ab8c:225::1,53,udp,0.102738,34,149,SF,1,82,1,197
2953.833539,fd2d:ab8c:225:0:81d3:fd3e:7f62:aec8,64490,fd2d:ab8c:225::1,53,udp,0.03023,34,94,SF,1,82,1,142
2962.868562,192.168.1.115,60157,41.108.179.197,1177,tcp,-,-,-,S0,1,48,0,0
2908.294164,fe80::5dd3:6bb3:7720:1e83,131,ff02::1:ff20:1e83,130,icmp,-,-,-,OTH,1,72,0,0
2908.294276,fe80::5dd3:6bb3:7720:1e83,131,ff02::1:ff2b:5398,130,icmp,-,-,-,OTH,1,72,0,0
2908.796852,fe80::5dd3:6bb3:7720:1e83,131,ff02::1:ff00:4f7,130,icmp,-,-,-,OTH,1,72,0,0
2910.292865,fe80::5dd3:6bb3:7720:1e83,131,ff02::c,130,icmp,-,-,-,OTH,1,72,0,0
2912.696437,fe80::da58:d7ff:fe00:f72,135,fd2d:ab8c:225:0:81d3:fd3e:7f62:aec8,136,icmp,0.000259,24,24,OTH,1,72,1,72
2917.263076,fe80::e8ff:97da:2f7f:abb3,135,fe80::da58:d7ff:fe00:f72,136,icmp,0.000294,24,16,OTH,1,72,1,64
2922.264448,fe80::da58:d7ff:fe00:f72,135,fe80::e8ff:97da:2f7f:abb3,136,icmp,0.000247,24,24,OTH,1,72,1,72
2977.347562,192.168.1.115,60158,41.108.179.197,1177,tcp,2.996306,0,0,S0,2,104,0,0
2976.873849,fd2d:ab8c:225:0:81d3:fd3e:7f62:aec8,51405,fd2d:ab8c:225::1,53,udp,0.310671,34,149,SF,1,82,1,197
2977.185122,fd2d:ab8c:225:0:81d3:fd3e:7f62:aec8,63575,fd2d:ab8c:225::1,53,udp,0.161855,34,94,SF,1,82,1,142
2986.342683,192.168.1.115,60158,41.108.179.197,1177,tcp,-,-,-,S0,1,48,0,0
3000.348968,192.168.1.115,60159,41.108.179.197,1177,tcp,3.007906,0,0,S0,2,104,0,0
3000.346928,fd2d:ab8c:225:0:81d3:fd3e:7f62:aec8,57433,fd2d:ab8c:225::1,53,udp,0.000609,34,149,SF,1,82,1,197
3000.34806,fd2d:ab8c:225:0:81d3:fd3e:7f62:aec8,61807,fd2d:ab8c:225::1,53,udp,0.000468,34,94,SF,1,82,1,142
3009.355477,192.168.1.115,60159,41.108.179.197,1177,tcp,-,-,-,S0,1,48,0,0
3023.362477,192.168.1.115,60160,41.108.179.197,1177,tcp,2.99794,0,0,S0,2,104,0,0
3023.360285,fd2d:ab8c:225:0:81d3:fd3e:7f62:aec8,55856,fd2d:ab8c:225::1,53,udp,0.000642,34,149,SF,1,82,1,197
3023.361477,fd2d:ab8c:225:0:81d3:fd3e:7f62:aec8,52040,fd2d:ab8c:225::1,53,udp,0.000455,34,94,SF,1,82,1,142
