ts,id.orig_h,id.orig_p,id.resp_h,id.resp_p,proto,duration,orig_bytes,resp_bytes,conn_state,orig_pkts,orig_ip_bytes,resp_pkts,resp_ip_bytes,anomaly,anomaly_score
19.981745,6,199,43,53,2,0.136721,34,50,4,1,82,1,98,0,-0.31456901463062553
20.119134,6,524,43,53,2,0.008221,34,62,4,1,82,1,110,0,-0.2866176114948268
32.990827,10,189,48,5355,2,0.123889,44,0,3,2,140,0,0,0,-0.12677476041453162
32.990991,2,454,20,5355,2,0.123763,44,0,3,2,100,0,0,0,-0.11579939892804403
33.368054,2,8,14,137,2,1.502603,150,0,3,3,234,0,0,0,-0.12492100789256444
50.751677,10,319,48,5355,2,0.091234,58,0,3,2,154,0,0,0,-0.11852234981951615
50.751867,2,520,20,5355,2,0.09116,58,0,3,2,114,0,0,0,-0.10833364898404274
50.780009,10,55,48,5355,2,0.093536,52,0,3,2,148,0,0,0,-0.12642056753235353
50.780151,2,144,20,5355,2,0.093559,52,0,3,2,108,0,0,0,-0.12331880962045438
50.781154,10,161,48,5355,2,0.093908,58,0,3,2,154,0,0,0,-0.12424018711358098
50.78132,2,197,20,5355,2,0.093968,58,0,3,2,114,0,0,0,-0.12384068915743263
51.047127,2,8,14,137,2,1.523569,450,0,3,9,702,0,0,0,-0.08152250744187417
15.230937,0,6,56,136,0,0.000075,32,0,0,2,128,0,0,0,-0.20109389550094336
15.231084,1,6,55,136,0,0,0,0,0,1,64,0,0,0,-0.2335003478070593
15.231147,1,6,50,136,0,1.992389,32,0,0,2,128,0,0,0,-0.20410870764212002
15.231215,12,4,58,134,0,8.020694,24,0,0,3,168,0,0,0,-0.20795679355554142
15.231308,12,2,56,130,0,5.527026,48,0,0,3,216,0,0,0,-0.22058427199466485
15.231389,12,2,55,130,0,11.525402,48,0,0,3,216,0,0,0,-0.20957894955255502
15.231463,12,2,50,130,0,7.519872,80,0,0,5,360,0,0,0,-0.18372534727150946
15.232693,11,5,45,133,0,8.020843,408,0,0,3,552,0,0,0,-0.19102190205573977
15.941946,12,155,47,547,2,1.16135,310,0,3,3,454,0,0,0,-0.11884892355262333
15.943102,11,158,45,546,2,1.161349,375,0,3,3,519,0,0,0,-0.1365186581803285
15.944654,12,3,58,0,0,0,0,0,0,1,72,0,0,0,-0.2685377904554674
15.944814,11,1,46,131,0,2.000058,32,0,0,2,144,0,0,0,-0.25901134942424264
18.396508,10,2,53,130,0,0,0,0,0,1,72,0,0,0,-0.3094464446549239
19.981242,6,6,49,136,0,0,0,0,0,1,72,0,0,0,-0.27586594041084656
19.981543,8,7,42,135,0,0,0,0,0,1,72,0,0,0,-0.271700946237692
20.248885,11,6,45,136,0,0.000225,24,24,0,1,72,1,72,0,-0.2495583503908489
21.401217,10,2,54,130,0,0,0,0,0,1,72,0,0,0,-0.31058046924933513
21.582368,9,2,60,130,0,0,0,0,0,1,72,0,0,0,-0.28486579425109554
22.402489,10,2,51,130,0,0,0,0,0,1,72,0,0,0,-0.3081496010100129
23.678335,9,2,57,130,0,0,0,0,0,1,72,0,0,0,-0.29978305160713403
24.984893,11,6,42,136,0,0.000244,24,24,0,1,72,1,72,0,-0.24582299007915404
25.254565,12,6,44,136,0,0.000328,24,16,0,1,72,1,64,0,-0.2396833872701698
31.567008,7,6,49,136,0,0,0,0,0,1,72,0,0,0,-0.2778543967164831
36.65188,10,6,52,136,0,0,0,0,0,1,72,0,0,0,-0.2888163004962057
117.500871,11,5,46,133,0,0,0,0,0,1,184,0,0,0,-0.2762322569861384
142.968869,11,1,46,131,0,0,0,0,0,1,72,0,0,0,-0.2981071140034116
143.009645,10,2,51,130,0,0,0,0,0,1,72,0,0,0,-0.3116896302887434
145.257466,12,2,55,130,0,0,0,0,0,1,72,0,0,0,-0.30901205934824155
146.75977,12,2,56,130,0,0,0,0,0,1,72,0,0,0,-0.3084869647679768
146.766382,9,2,57,130,0,0,0,0,0,1,72,0,0,0,-0.3039986676348869
147.01081,10,2,54,130,0,0,0,0,0,1,72,0,0,0,-0.3146875269861899
150.158373,9,2,60,130,0,0,0,0,0,1,72,0,0,0,-0.2880522718837414
151.255953,12,2,50,130,0,0,0,0,0,1,72,0,0,0,-0.30698206654915333
151.510058,10,2,53,130,0,0,0,0,0,1,72,0,0,0,-0.3135655643686239
201.305209,10,6,52,136,0,0,0,0,0,1,72,0,0,0,-0.2916865048635968
275.388493,3,11,10,80,1,0.08042,232,858,4,5,444,5,1070,0,-0.10945113594973854
276.026237,3,12,10,80,1,0.07212,234,1115,4,5,446,5,1327,0,-0.09853060967231775
273.503417,3,10,38,443,1,3.354241,632,5516,4,9,1004,9,5888,0,-0.0618523123185174
273.053766,6,442,43,53,2,0.197904,40,136,4,1,88,1,184,0,-0.28531257463017984
273.252576,6,167,43,53,2,0.030527,40,148,4,1,88,1,196,0,-0.32098630309632936
275.094543,6,532,43,53,2,0.190006,36,52,4,1,84,1,100,0,-0.2748088216632141
275.285198,6,459,43,53,2,0.098507,36,64,4,1,84,1,112,0,-0.2903979595382149
275.386661,6,468,43,53,2,0.000284,36,52,4,1,84,1,100,0,-0.2881478688518861
275.387474,6,224,43,53,2,0.000428,36,64,4,1,84,1,112,0,-0.32553829278080765
276.022363,6,241,43,53,2,0.000388,36,52,4,1,84,1,100,0,-0.3236910010280604
276.023194,6,221,43,53,2,0.000422,36,64,4,1,84,1,112,0,-0.32568425942100004
276.024748,6,187,43,53,2,0.00023,36,52,4,1,84,1,100,0,-0.32251854165828137
276.025367,6,263,43,53,2,0.00044,36,64,4,1,84,1,112,0,-0.32536739696963657
287.84507,6,154,43,53,2,0.000574,40,136,4,1,88,1,184,0,-0.31660464034242
287.846105,6,487,43,53,2,0.000437,40,148,4,1,88,1,196,0,-0.29134319356598565
293.774545,3,14,25,1177,1,3.000517,0,0,3,2,104,0,0,0,-0.24916172215413956
291.575085,6,205,43,53,2,0.000431,26,26,4,1,74,1,74,0,-0.30185170187948074
291.576056,12,239,48,5355,2,0.092141,44,0,3,2,140,0,0,0,-0.12679681095361162
291.576304,3,54,20,5355,2,0.092081,44,0,3,2,100,0,0,0,-0.14271676972338854
293.586071,6,247,43,53,2,0.142867,34,149,4,1,82,1,197,0,-0.32338094191272926
298.572209,3,18,36,80,1,0.051346,428,5299,4,5,640,6,5551,0,-0.07534892797160808
293.729471,6,226,43,53,2,0.031177,34,94,4,1,82,1,142,0,-0.3290105096640847
294.100875,6,227,43,53,2,0.000322,26,26,4,1,74,1,74,0,-0.29863655538338163
294.101482,12,159,48,5355,2,0.100322,44,0,3,2,140,0,0,0,-0.11979090702542439
294.101653,3,196,20,5355,2,0.10037,44,0,3,2,100,0,0,0,-0.14951817568812087
300.867062,3,23,36,80,1,0.051023,847,141,4,5,1059,4,313,0,-0.1432481239465071
300.865611,3,22,36,80,1,0.053132,480,141,4,5,692,4,313,0,-0.1588408318131509
296.680529,6,174,43,53,2,0.205535,40,136,4,1,88,1,184,0,-0.3141475042306899
297.496671,3,16,38,80,1,4.357607,1280,4277,1,9,1652,5,4489,0,-0.0928419494922611
296.918014,3,15,38,80,1,4.933394,1629,23800,1,14,2201,21,24652,1,0.0006598002615384457
301.814057,3,31,38,80,1,0.038163,0,0,1,2,92,1,52,0,-0.23308516673583468
301.814752,3,34,38,80,1,0.038256,0,0,1,2,92,1,52,0,-0.23308516673583468
301.814959,3,35,38,80,1,0.038479,0,0,1,2,92,1,52,0,-0.23277137731030972
301.814358,3,32,38,80,1,0.039133,0,0,1,2,92,1,52,0,-0.23308516673583468
301.81457,3,33,38,80,1,0.039204,0,0,1,2,92,1,52,0,-0.23308516673583468
301.815142,3,36,38,80,1,0.038684,0,0,1,2,92,1,52,0,-0.232457375507316
296.886602,6,508,43,53,2,0.03004,40,148,4,1,88,1,196,0,-0.2870223048149366
301.905375,6,277,43,53,1,0.002422,37,661,4,5,349,4,913,0,-0.15275982098516394
301.958127,3,281,16,80,1,0.238536,414,584,4,5,626,5,788,0,-0.14320272995886685
301.933194,3,278,1,80,1,0.264241,455,474,4,5,667,3,606,0,-0.11936984897844993
302.197112,3,284,16,80,1,0.250081,505,579,4,5,717,5,783,0,-0.13148157546624017
297.502131,6,477,43,53,2,0.16969,47,103,4,1,95,1,151,0,-0.262391160376835
297.672621,6,457,43,53,2,0.016856,47,115,4,1,95,1,163,0,-0.274056458988567
302.774061,3,14,25,1177,1,0,0,0,3,1,48,0,0,0,-0.2571686495810503
298.479992,6,201,43,53,2,0.135687,42,102,4,1,90,1,150,0,-0.30666616093910515
298.527422,6,97,43,53,2,0.033719,34,83,4,1,82,1,131,0,-0.3267551114217593
298.561715,6,246,43,53,2,0.009972,34,111,4,1,82,1,159,0,-0.3280172509111849
298.616223,6,243,43,53,2,0.016937,42,114,4,1,90,1,162,0,-0.31097500993208366
298.764958,6,460,43,53,2,0.024632,44,124,4,1,92,1,172,0,-0.2847311973393058
298.790061,6,526,43,53,2,0.008533,44,184,4,1,92,1,232,0,-0.2643165699691756
303.922752,3,311,41,80,1,0.058863,582,563,4,5,794,3,695,0,-0.14473510060609962
303.982082,3,312,41,80,1,0.064282,632,382,4,5,844,4,554,0,-0.14734390437931222
299.556163,6,86,43,53,2,0.895134,39,231,4,1,87,1,279,0,-0.28005229222858685
302.439322,3,289,21,80,1,2.228644,649,2215,1,6,901,5,2427,0,-0.15174210514737863
300.451968,6,262,43,53,2,0.327291,39,160,4,1,87,1,208,0,-0.30744605067244013
300.842558,6,231,43,53,2,0.649869,41,119,4,1,89,1,167,0,-0.2926563677839039
300.844115,6,202,43,53,2,0.173713,30,232,4,1,78,1,280,0,-0.30115942986763955
300.856278,6,46,43,53,2,0.080814,31,161,4,1,79,1,209,0,-0.30702142259812143
300.864187,6,171,43,53,2,0.1144,34,96,4,1,82,1,144,0,-0.32864749670060905
300.894167,6,471,43,53,2,0.090882,30,315,4,1,78,1,363,0,-0.2509073269165037
300.937665,6,218,43,53,2,0.014759,31,131,4,1,79,1,179,0,-0.3251421475343049
300.979184,6,200,43,53,2,0.012042,34,118,4,1,82,1,166,0,-0.33111281993577935
300.985582,6,92,43,53,2,0.310232,60,256,4,2,156,2,352,0,-0.22280610167838316
301.018391,6,225,43,53,2,0.015162,30,205,4,1,78,1,253,0,-0.3062860965610727
303.04126,3,305,34,443,1,3.105571,803,5346,4,10,1227,11,5889,0,-0.060601665812473615
301.285526,6,237,43,53,2,0.302057,30,248,4,1,78,1,296,0,-0.2867576554355417
301.503951,6,518,43,53,2,0.179869,41,151,4,1,89,1,199,0,-0.27438066479386725
301.505398,6,69,43,53,2,0.842021,33,388,4,1,81,1,436,0,-0.2465402984805662
301.588297,6,449,43,53,2,0.027526,30,144,4,1,78,1,192,0,-0.29236162969890017
301.771368,6,310,43,53,2,0.377698,32,397,4,1,80,1,445,0,-0.26005578425625037
301.771727,6,67,43,53,2,0.091929,34,211,4,1,82,1,259,0,-0.3069000936419584
301.788624,6,186,43,53,2,1.544741,38,367,4,1,86,1,415,0,-0.2442114620520689
301.78894,6,142,43,53,2,0.13031,38,77,4,1,86,1,125,0,-0.312856852528848
301.789281,6,258,43,53,2,0.566945,34,210,4,1,82,1,258,0,-0.3069678160215721
301.789598,6,546,43,53,2,0.115378,35,378,4,1,83,1,426,0,-0.23598170012622727
301.789916,6,140,43,53,2,0.133545,31,200,4,1,79,1,248,0,-0.311657129658888
301.790342,6,448,43,53,2,0.144944,31,69,4,1,79,1,117,0,-0.28593018530883046
301.790793,6,104,43,53,2,0.107622,33,110,4,1,81,1,158,0,-0.31716851407325103
301.794798,6,491,43,53,2,0.365029,34,211,4,1,82,1,259,0,-0.2802385115790272
301.86407,6,245,43,53,2,0.023872,34,136,4,1,82,1,184,0,-0.3294400960458574
291.868112,3,8,14,137,2,4.035751,300,0,3,6,468,0,0,0,-0.11962691104050949
301.899028,6,43,43,53,2,0.034757,33,95,4,1,81,1,143,0,-0.3064438207820704
301.908089,6,464,43,53,2,0.024588,35,120,4,1,83,1,168,0,-0.30698408402284655
301.919767,6,51,43,53,2,0.021948,38,121,4,1,86,1,169,0,-0.30868275647787585
301.923971,6,143,43,53,2,0.035833,31,112,4,1,79,1,160,0,-0.3214684831694739
301.935801,6,443,43,53,2,0.02175,31,118,4,1,79,1,166,0,-0.2999413476895904
301.974164,6,522,43,53,2,0.04854,35,204,4,1,83,1,252,0,-0.28699624906066096
302.027976,6,490,43,53,2,0.026734,35,100,4,1,83,1,148,0,-0.30400520979446594
302.149493,6,232,43,53,2,0.810692,64,434,4,2,160,2,530,0,-0.19729826204685158
302.160194,6,103,43,53,2,0.682109,34,136,4,1,82,1,184,0,-0.3076623081658642
302.241434,6,244,43,53,2,0.056424,32,162,4,1,80,1,210,0,-0.3245552269525537
302.298807,6,512,43,53,2,0.015006,32,132,4,1,80,1,180,0,-0.29855830670225714
302.303027,6,172,43,53,2,0.058555,36,73,4,1,84,1,121,0,-0.32718706684525706
302.334035,6,504,43,53,2,0.026398,32,162,4,1,80,1,210,0,-0.2954328849680702
302.334683,6,182,43,53,2,0.094786,45,148,4,1,93,1,196,0,-0.3028193106578749
302.347941,6,57,43,53,2,0.323567,33,208,4,1,81,1,256,0,-0.30152076804498606
302.356723,6,132,43,53,2,0.358322,34,135,4,1,82,1,183,0,-0.3211444787788085
302.360926,6,169,43,53,2,0.000925,32,132,4,1,80,1,180,0,-0.3273527821810452
302.362054,6,461,43,53,2,0.01973,36,117,4,1,84,1,165,0,-0.30144180924532615
302.429973,6,59,43,53,2,0.008207,45,190,4,1,93,1,238,0,-0.2833495183015644
302.672063,3,291,34,80,1,4.791372,435,588,4,6,699,6,1428,0,-0.13577553503852435
302.586628,6,89,43,53,2,0.054734,31,232,4,1,79,1,280,0,-0.30247227095194873
302.601255,6,192,43,53,2,0.337313,34,375,4,1,82,1,423,0,-0.2753858095597631
302.641946,6,125,43,53,2,0.073053,31,108,4,1,79,1,156,0,-0.3190707677206736
302.717612,6,455,43,53,2,0.076732,29,83,4,1,77,1,131,0,-0.28903976946795873
302.79466,3,308,37,53,2,0.001346,38,233,4,1,66,1,261,0,-0.23759465528161816
302.795065,6,209,43,53,2,0.019387,29,95,4,1,77,1,143,0,-0.31993419010750634
302.796558,3,118,37,53,2,0.027163,38,219,4,1,66,1,247,0,-0.24580971488472703
302.939607,6,204,43,53,2,0.30578,34,192,4,1,82,1,240,0,-0.316236037159356
303.462269,6,60,43,53,2,0.655007,29,383,4,1,77,1,431,0,-0.24148442155572603
303.605189,3,203,37,53,2,0.026198,33,217,4,1,61,1,245,0,-0.24415120753614522
303.631909,3,248,37,53,2,0.026091,33,173,4,1,61,1,201,0,-0.24971982952751687
303.71597,6,499,43,53,2,0.30285,34,252,4,1,82,1,300,0,-0.2666828055810382
303.716309,6,238,43,53,2,0.169126,35,162,4,1,83,1,210,0,-0.32317419542574205
303.885786,6,253,43,53,2,0.021358,35,131,4,1,83,1,179,0,-0.3291697627260798
304.019428,6,207,43,53,2,0.026632,34,148,4,1,82,1,196,0,-0.3319811921134307
304.117903,6,539,43,53,2,0.034124,29,196,4,1,77,1,244,0,-0.2676172763326211
304.366692,3,117,37,53,2,0.017194,48,208,4,1,76,1,236,0,-0.238518103352307
304.384425,3,425,37,53,2,0.054337,144,724,4,3,228,3,808,0,-0.11823872606492025
304.438296,6,62,43,53,2,0.936854,48,208,4,1,96,1,256,0,-0.2629036233286706
302.824141,3,295,27,80,1,6.917078,376,373,1,6,628,4,545,0,-0.18824211290898663
305.375932,6,141,43,53,2,0.001784,48,232,4,1,96,1,280,0,-0.28098696608470913
306.433001,6,474,43,53,2,0.128824,40,136,4,1,88,1,184,0,-0.2842844512489618
306.563532,6,121,43,53,2,0.030026,40,148,4,1,88,1,196,0,-0.3187739858672487
309.621034,6,270,43,53,2,0.072526,39,80,4,1,87,1,128,0,-0.31341170145732833
309.694155,6,254,43,53,2,0.01234,39,118,4,1,87,1,166,0,-0.31814182558106535
309.781303,6,146,43,53,2,0.01235,39,80,4,1,87,1,128,0,-0.31701852406489645
309.794141,6,249,43,53,2,0.000577,39,118,4,1,87,1,166,0,-0.3190061297926402
304.047398,3,313,12,80,1,11.425272,646,1073,1,7,950,5,2358,0,-0.14093517117676235
302.056773,3,283,24,80,1,13.416278,5894,6786,1,14,6466,13,8155,1,0.012262544873137493
302.716484,3,293,6,80,1,12.756832,1185,1318,1,7,1477,6,1562,0,-0.1099787412595733
309.624843,3,319,34,443,1,5.848893,808,1006,1,8,1140,7,1298,0,-0.11742437297060493
310.39142,3,322,34,80,1,5.082519,2302,604,1,7,2594,5,816,0,-0.10195869399637059
301.785917,3,30,23,80,1,13.688238,1864,3640,1,9,2248,8,5032,0,-0.0729455086437023
301.662602,3,28,23,80,1,13.811802,3303,9904,1,13,3835,12,10388,1,0.0052794308393736555
302.60088,6,542,43,53,2,1.167292,33,354,4,1,81,1,402,0,-0.22386896649386462
303.366186,6,184,43,53,2,2.009003,48,208,4,1,96,1,256,0,-0.24580056368143832
319.775942,3,323,25,1177,1,2.997187,0,0,3,2,104,0,0,0,-0.2825116453704556
300.995562,3,25,3,80,1,19.484005,392,725,1,6,644,3,849,0,-0.13387107159707046
268.408794,11,1,46,131,0,0,0,0,0,1,72,0,0,0,-0.30091142457953507
268.563026,10,2,54,130,0,0,0,0,0,1,72,0,0,0,-0.31810160456265757
319.44412,6,353,43,53,2,0.269634,34,50,4,1,82,1,98,0,-0.30601427809483245
319.714376,6,99,43,53,2,0.014977,34,94,4,1,82,1,142,0,-0.3266554058539173
309.795236,3,321,39,80,1,15.691845,464,406,1,6,716,3,538,0,-0.17198909107941707
309.715826,3,320,39,80,1,15.771574,874,723,1,7,1166,4,887,0,-0.14401959216459792
270.574345,9,2,60,130,0,0,0,0,0,1,72,0,0,0,-0.2911772763375508
271.059361,10,2,51,130,0,0,0,0,0,1,72,0,0,0,-0.31735748186654406
273.053297,6,6,49,136,0,0,0,0,0,1,72,0,0,0,-0.2770487853570536
273.05357,8,7,42,135,0,0,0,0,0,1,72,0,0,0,-0.2742271286519519
273.25127,12,2,55,130,0,0,0,0,0,1,72,0,0,0,-0.31398642215090566
273.251401,12,2,50,130,0,0,0,0,0,1,72,0,0,0,-0.3114615178071951
328.771204,3,323,25,1177,1,0,0,0,3,1,48,0,0,0,-0.2817568407020731
274.058831,10,2,53,130,0,0,0,0,0,1,72,0,0,0,-0.31920580059613707
276.654415,9,2,57,130,0,0,0,0,0,1,72,0,0,0,-0.3095801082617503
277.757653,12,2,56,130,0,0,0,0,0,1,72,0,0,0,-0.31346806477516953
278.056779,11,6,42,136,0,0.000503,24,24,0,1,72,1,72,0,-0.24698305698519235
278.056962,12,6,52,136,0,0,0,0,0,1,72,0,0,0,-0.28447191907847075
278.057173,11,7,45,135,0,0,0,0,0,1,72,0,0,0,-0.2883876990147562
302.716098,3,292,33,80,1,32.785234,400,509,1,6,652,4,673,0,-0.1783790085551089
301.934344,3,279,15,80,1,33.567332,440,939,1,7,744,5,2090,0,-0.14532241009204705
283.064783,11,6,45,136,0,0.000099,24,24,0,1,72,1,72,0,-0.2522328122781364
342.788472,3,324,25,1177,1,2.997504,0,0,3,2,104,0,0,0,-0.281585431379691
298.799068,3,20,0,80,1,46.717,429,9311,1,6,681,11,9763,0,-0.0539200188171256
342.786653,6,195,43,53,2,0.00038,34,50,4,1,82,1,98,0,-0.3266358836331808
342.787538,6,44,43,53,2,0.000455,34,94,4,1,82,1,142,0,-0.3151113573926616
351.78483,3,324,25,1177,1,0,0,0,3,1,48,0,0,0,-0.2832411166817881
304.434167,3,9,37,3,0,0,0,0,0,1,316,0,0,0,-0.21854060951162507
273.615956,4,56,13,1,0,31.052146,1086,0,0,5,1226,0,0,0,-0.09722492245630643
302.960395,6,0,43,4,0,2.415017,923,0,0,3,1067,0,0,0,-0.14281033428727608
298.633745,3,19,18,80,1,61.903211,1208,12763,1,9,1580,12,13255,0,-0.03397930085490275
297.689961,3,17,8,80,1,62.847298,419,20303,1,9,791,17,20995,0,-0.01271468670947895
305.378462,3,315,40,80,1,60.135913,301,51277,1,11,753,38,52809,0,-6.52549709213579e-05
304.152714,3,314,32,80,1,61.391731,938,1178,1,7,1230,5,1390,0,-0.15328120171984716
302.815129,3,294,17,443,1,62.729736,735,4949,1,8,1067,7,5241,0,-0.08750069735172539
303.24619,3,306,26,80,1,62.298916,921,1740,1,7,1225,6,2924,0,-0.14802073674401062
303.659716,3,310,30,80,1,61.885633,572,645,1,7,876,5,1502,0,-0.17135359809700634
303.65941,3,309,30,80,1,61.886136,605,661,1,7,909,5,1534,0,-0.17146842386255423
303.659114,3,308,30,80,1,61.886628,520,852,1,7,824,5,1916,0,-0.15768425136514708
303.658764,3,307,30,443,1,61.887255,1544,6361,1,14,2152,13,8380,0,-0.03183673739062853
302.438864,3,288,21,80,1,63.107433,641,1795,1,5,853,4,1967,0,-0.15105689280485057
302.439834,3,290,21,80,1,63.106676,640,1795,1,5,852,4,1967,0,-0.15179475844700452
302.36245,3,286,5,80,1,63.184304,718,1171,1,6,982,4,2514,0,-0.1306839636105528
302.382496,3,287,17,443,1,63.164587,1014,4469,1,8,1346,7,4761,0,-0.08454691371983236
302.314293,3,285,5,80,1,63.233029,604,65236,1,23,1536,47,67128,1,0.025110276098073037
302.844635,3,298,28,80,1,62.702924,767,767,1,6,1019,4,939,0,-0.16845107322345165
302.844132,3,296,28,80,1,62.703624,750,767,1,6,1002,4,939,0,-0.17010052271652198
302.844344,3,297,28,80,1,62.703606,772,432,1,6,1024,4,604,0,-0.1708736178861927
302.845333,3,302,28,80,1,62.702822,748,767,1,6,1000,4,939,0,-0.16972305089466155
303.031198,3,304,28,80,1,62.517151,748,767,1,6,1000,4,939,0,-0.16842207374896734
302.845136,3,301,28,80,1,62.703408,1522,1534,1,7,1814,5,1746,0,-0.12256018351102005
302.844976,3,300,28,80,1,62.70376,1645,1534,1,7,1937,5,1746,0,-0.12067239812670572
302.844778,3,299,28,80,1,62.704151,768,994,1,6,1020,4,1166,0,-0.16673534876900242
301.960436,3,282,9,80,1,63.588725,823,906,1,7,1115,5,1110,0,-0.131970070236043
301.94449,3,280,7,80,1,63.604915,834,2178,1,6,1098,5,3638,0,-0.11870673854710534
301.888694,3,37,11,80,1,63.660958,971,1268,1,6,1235,5,2121,0,-0.11636820116589774
302.959568,3,303,35,80,1,62.590319,1143,1419,1,7,1447,6,2372,0,-0.12909526687375927
301.296342,3,27,29,80,1,64.253781,1090,1802,1,7,1382,5,2014,0,-0.1246303859172384
300.953003,3,24,5,80,1,64.597425,950,31311,1,15,1562,25,32323,1,0.017766487447835932
301.684323,3,29,31,80,1,63.86637,508,229,1,5,720,3,357,0,-0.15354907485519143
300.779849,3,21,2,80,1,64.771089,403,4465,1,5,615,6,4717,0,-0.08299977003290904
366.060276,3,325,25,1177,1,3.009277,0,0,3,2,104,0,0,0,-0.2773307660568899
306.594332,3,317,38,80,1,60.161551,357,609,1,5,569,2,701,0,-0.16140439081914237
301.033974,3,26,4,80,1,69.517387,2358,422705,1,117,7062,298,435446,1,0.09668469366969945
306.406363,3,316,38,80,1,64.145293,342,3475,1,5,554,4,3647,0,-0.1103153329246126
365.789354,6,456,43,53,2,0.154194,34,50,4,1,82,1,98,0,-0.2899898521604807
365.944102,6,264,43,53,2,0.115565,34,94,4,1,82,1,142,0,-0.32662373185615295
375.077875,3,325,25,1177,1,0,0,0,3,1,48,0,0,0,-0.28408611753675783
389.083877,3,326,25,1177,1,2.998915,0,0,3,2,104,0,0,0,-0.28253390120214866
389.082055,6,538,43,53,2,0.000403,34,50,4,1,82,1,98,0,-0.2848635884808374
389.082944,6,42,43,53,2,0.00044,34,94,4,1,82,1,142,0,-0.313526221993694
398.080787,3,326,25,1177,1,0,0,0,3,1,48,0,0,0,-0.28602775985972206
347.801019,12,6,52,136,0,0,0,0,0,1,72,0,0,0,-0.28475074045573895
287.853699,3,13,38,443,1,123.797298,35441,5601,2,38,36975,26,6677,1,0.06463676352875569
412.114528,3,327,25,1177,1,3.001081,0,0,3,2,104,0,0,0,-0.2834166448096937
412.112622,6,164,43,53,2,0.00038,34,50,4,1,82,1,98,0,-0.32531193564931016
412.113497,6,495,43,53,2,0.000475,34,94,4,1,82,1,142,0,-0.31030305334626235
363.73555,11,5,46,133,0,0,0,0,0,1,184,0,0,0,-0.2780484172111137
421.113985,3,327,25,1177,1,0,0,0,3,1,48,0,0,0,-0.2876054846309202
435.151027,3,328,25,1177,1,3.007554,0,0,3,2,104,0,0,0,-0.27965129794833704
435.118972,6,127,43,53,2,0.030428,34,149,4,1,82,1,197,0,-0.3306108359498769
435.149961,6,534,43,53,2,0.000527,34,94,4,1,82,1,142,0,-0.3041675689206892
444.157699,3,328,25,1177,1,0,0,0,3,1,48,0,0,0,-0.28788218659768117
393.848774,11,1,46,131,0,0,0,0,0,1,72,0,0,0,-0.3033169907469477
394.120483,10,2,54,130,0,0,0,0,0,1,72,0,0,0,-0.32157909981242583
394.265498,12,2,55,130,0,0,0,0,0,1,72,0,0,0,-0.31661624794796467
395.834403,9,2,57,130,0,0,0,0,0,1,72,0,0,0,-0.3111450647712475
396.158344,9,2,60,130,0,0,0,0,0,1,72,0,0,0,-0.2951738357534045
396.268734,12,2,56,130,0,0,0,0,0,1,72,0,0,0,-0.3157292645760874
396.604213,10,2,53,130,0,0,0,0,0,1,72,0,0,0,-0.32047737698625856
399.117685,10,2,51,130,0,0,0,0,0,1,72,0,0,0,-0.31919951633725263
400.263958,12,2,50,130,0,0,0,0,0,1,72,0,0,0,-0.31410869302194766
458.163703,3,329,25,1177,1,2.997928,0,0,3,2,104,0,0,0,-0.2854755500852522
458.161742,6,509,43,53,2,0.000594,34,149,4,1,82,1,197,0,-0.3043841185605007
458.162822,6,481,43,53,2,0.000427,34,94,4,1,82,1,142,0,-0.31124327296752596
411.031401,7,6,49,136,0,0,0,0,0,1,72,0,0,0,-0.2818448011343344
467.160056,3,329,25,1177,1,0,0,0,3,1,48,0,0,0,-0.2897636309118587
416.041065,10,6,52,136,0,0,0,0,0,1,72,0,0,0,-0.2965349358707509
417.574136,10,2,59,130,0,0.055857,32,0,0,2,144,0,0,0,-0.26250654468746026
417.851552,2,251,22,1900,2,6.485126,798,0,3,6,966,0,0,0,-0.0852672125093582
481.177181,3,330,25,1177,1,2.997949,0,0,3,2,104,0,0,0,-0.28910992191227547
481.174993,6,272,43,53,2,0.000634,34,149,4,1,82,1,197,0,-0.33058331913409367
481.176211,6,153,43,53,2,0.000446,34,94,4,1,82,1,142,0,-0.3288863323371014
490.173647,3,330,25,1177,1,0,0,0,3,1,48,0,0,0,-0.2935041238836156
347.800745,11,6,42,136,0,97.472259,72,72,0,3,216,3,216,0,-0.13738491288332488
504.210179,3,331,25,1177,1,3.007487,0,0,3,2,104,0,0,0,-0.2850517589459045
347.801252,11,7,45,135,0,102.465041,56,48,0,3,200,2,144,0,-0.1527000139928737
504.178126,6,176,43,53,2,0.03041,34,149,4,1,82,1,197,0,-0.33026514885720165
504.209102,6,485,43,53,2,0.000552,34,94,4,1,82,1,142,0,-0.30837540207734043
352.808826,11,6,45,136,0,102.464025,72,72,0,3,216,3,216,0,-0.13814126656293435
513.216322,3,331,25,1177,1,0,0,0,3,1,48,0,0,0,-0.2935606975128592
527.2232,3,332,25,1177,1,2.99784,0,0,3,2,104,0,0,0,-0.2920714123551138
527.221109,6,138,43,53,2,0.000634,34,149,4,1,82,1,197,0,-0.32922388393262414
527.222342,6,274,43,53,2,0.000414,34,94,4,1,82,1,142,0,-0.32928257417620077
478.290309,7,6,49,136,0,0,0,0,0,1,72,0,0,0,-0.28237059440138745
536.219989,3,332,25,1177,1,0,0,0,3,1,48,0,0,0,-0.2933283274825949
483.304987,10,6,52,136,0,0,0,0,0,1,72,0,0,0,-0.29814325017457816
550.236632,3,333,25,1177,1,2.997648,0,0,3,2,104,0,0,0,-0.290877869690874
550.234454,6,211,43,53,2,0.000615,34,149,4,1,82,1,197,0,-0.3297002307164023
550.23564,6,502,43,53,2,0.000453,34,94,4,1,82,1,142,0,-0.30935695235653177
559.232477,3,333,25,1177,1,0,0,0,3,1,48,0,0,0,-0.2922252615167306
509.208723,11,6,42,136,0,0.000291,24,24,0,1,72,1,72,0,-0.2521590630984361
513.767177,12,6,44,136,0,0.00027,24,16,0,1,72,1,64,0,-0.24654797520470134
573.254582,3,334,25,1177,1,3.002395,0,0,3,2,104,0,0,0,-0.28862488794651503
518.776716,11,6,45,136,0,0.00024,24,24,0,1,72,1,72,0,-0.25584193258122084
519.288728,11,1,46,131,0,0,0,0,0,1,72,0,0,0,-0.3069896918544903
521.192463,10,2,53,130,0,0,0,0,0,1,72,0,0,0,-0.32500830459252533
522.692546,10,2,59,130,0,0,0,0,0,1,72,0,0,0,-0.31024950148610364
522.770403,12,2,50,130,0,0,0,0,0,1,72,0,0,0,-0.3164916388964383
573.237736,6,531,43,53,2,0.015421,34,149,4,1,82,1,197,0,-0.3025027023114557
573.253627,6,105,43,53,2,0.000453,34,94,4,1,82,1,142,0,-0.3273047691334626
523.762036,12,2,55,130,0,0,0,0,0,1,72,0,0,0,-0.31949845691342393
524.192567,10,2,54,130,0,0,0,0,0,1,72,0,0,0,-0.3260967595489358
525.23034,9,2,60,130,0,0,0,0,0,1,72,0,0,0,-0.2994508396539092
526.510391,9,2,57,130,0,0,0,0,0,1,72,0,0,0,-0.31595151635896923
582.256193,3,334,25,1177,1,0,0,0,3,1,48,0,0,0,-0.29247603811738854
527.267033,12,2,56,130,0,0,0,0,0,1,72,0,0,0,-0.3187152987089866
528.199687,10,2,51,130,0,0,0,0,0,1,72,0,0,0,-0.3226518731869251
596.262714,3,336,25,1177,1,2.997792,0,0,3,2,104,0,0,0,-0.29090008693254854
596.260482,6,250,43,53,2,0.000655,34,149,4,1,82,1,197,0,-0.32973860017257556
596.261702,6,91,43,53,2,0.00047,34,94,4,1,82,1,142,0,-0.32654362200143916
307.463834,3,318,34,80,1,2.961481,2792,605,4,8,3124,6,857,0,-0.0654436865107233
592.880494,3,335,24,80,1,10.055343,2180,845,1,8,2524,6,1942,0,-0.07815716798557482
605.258769,3,336,25,1177,1,0,0,0,3,1,48,0,0,0,-0.29375102478005005
619.277462,3,337,25,1177,1,2.995954,0,0,3,2,104,0,0,0,-0.2912531749667994
619.275394,6,463,43,53,2,0.000584,34,149,4,1,82,1,197,0,-0.3086770819428905
619.276515,6,198,43,53,2,0.000446,34,94,4,1,82,1,142,0,-0.3307280293156147
628.272001,3,337,25,1177,1,0,0,0,3,1,48,0,0,0,-0.2946149062540496
578.264984,12,6,52,136,0,0,0,0,0,1,72,0,0,0,-0.2851128083210517
642.43674,3,338,25,1177,1,2.999655,0,0,3,2,104,0,0,0,-0.29227548318956514
642.276788,6,94,43,53,2,0.158365,34,149,4,1,82,1,197,0,-0.31979839368376367
642.435717,6,268,43,53,2,0.000507,34,94,4,1,82,1,142,0,-0.3301011007990847
651.435163,3,338,25,1177,1,0,0,0,3,1,48,0,0,0,-0.2946149062540496
665.442025,3,339,25,1177,1,2.997917,0,0,3,2,104,0,0,0,-0.29281663357141224
665.439993,6,311,43,53,2,0.000613,34,149,4,1,82,1,197,0,-0.32210515354021146
665.441168,6,157,43,53,2,0.000388,34,94,4,1,82,1,142,0,-0.33065615447348523
674.448863,3,339,25,1177,1,0,0,0,3,1,48,0,0,0,-0.29516507375319245
578.264715,11,6,42,136,0,51.008218,48,48,0,2,144,2,144,0,-0.18961126932752437
688.464793,3,340,25,1177,1,2.998188,0,0,3,2,104,0,0,0,-0.2930520442525494
634.461419,7,6,49,136,0,0,0,0,0,1,72,0,0,0,-0.2817123723113887
578.265222,11,7,45,135,0,56.496083,40,24,0,2,136,1,72,0,-0.208283832599081
688.462858,6,151,43,53,2,0.000602,34,149,4,1,82,1,197,0,-0.3273422080831738
688.463941,6,73,43,53,2,0.000389,34,94,4,1,82,1,142,0,-0.3214818549057883
639.465627,10,6,52,136,0,0,0,0,0,1,72,0,0,0,-0.29752066480431305
583.272694,11,6,45,136,0,56.49621,48,48,0,2,144,2,144,0,-0.19143449131165213
697.461333,3,340,25,1177,1,0,0,0,3,1,48,0,0,0,-0.29516507375319245
644.728664,11,1,46,131,0,0,0,0,0,1,72,0,0,0,-0.3053856790281558
644.744424,10,2,59,130,0,0,0,0,0,1,72,0,0,0,-0.30923802613491264
644.766102,12,2,50,130,0,0,0,0,0,1,72,0,0,0,-0.31536732264079437
647.26964,12,2,56,130,0,0,0,0,0,1,72,0,0,0,-0.3175001714274193
649.248033,10,2,53,130,0,0,0,0,0,1,72,0,0,0,-0.32417196690845296
651.247232,10,2,54,130,0,0,0,0,0,1,72,0,0,0,-0.3252628709040954
652.767584,12,2,55,130,0,0,0,0,0,1,72,0,0,0,-0.31838303186529704
653.230309,9,2,60,130,0,0,0,0,0,1,72,0,0,0,-0.2981737838003173
653.250175,10,2,51,130,0,0,0,0,0,1,72,0,0,0,-0.32144940063058985
653.934375,9,2,57,130,0,0,0,0,0,1,72,0,0,0,-0.3147275044731763
711.493555,3,341,25,1177,1,3.002737,0,0,3,2,104,0,0,0,-0.29027728490910865
711.476786,6,458,43,53,2,0.015276,34,149,4,1,82,1,197,0,-0.3071904624937936
711.492559,6,116,43,53,2,0.000521,34,94,4,1,82,1,142,0,-0.3289193016856952
720.494894,3,341,25,1177,1,0,0,0,3,1,48,0,0,0,-0.29713492222346916
734.519496,3,342,25,1177,1,3.009872,0,0,3,2,104,0,0,0,-0.2869941863136527
734.517441,6,181,43,53,2,0.000602,34,149,4,1,82,1,197,0,-0.32923028070232174
734.518571,6,496,43,53,2,0.000447,34,94,4,1,82,1,142,0,-0.30936078972204645
743.538039,3,342,25,1177,1,0,0,0,3,1,48,0,0,0,-0.2967238136710825
693.46468,11,6,42,136,0,0.000243,24,24,0,1,72,1,72,0,-0.25058676182033757
698.262389,12,6,44,136,0,0.000275,24,16,0,1,72,1,64,0,-0.24556671863226603
757.544476,3,343,25,1177,1,2.997861,0,0,3,2,104,0,0,0,-0.29466402283613474
703.272675,11,6,45,136,0,0.000241,24,24,0,1,72,1,72,0,-0.25458189705233214
757.542364,6,467,43,53,2,0.000566,34,149,4,1,82,1,197,0,-0.3071807418922632
757.543495,6,78,43,53,2,0.000451,34,94,4,1,82,1,142,0,-0.3232133913812526
766.540672,3,343,25,1177,1,0,0,0,3,1,48,0,0,0,-0.2953842978513465
780.587672,3,344,25,1177,1,2.997732,0,0,3,2,104,0,0,0,-0.2940247008959835
780.555558,6,480,43,53,2,0.030524,34,149,4,1,82,1,197,0,-0.30276231801438874
780.586649,6,236,43,53,2,0.000467,34,94,4,1,82,1,142,0,-0.33043220643605153
730.824678,11,5,46,133,0,0,0,0,0,1,184,0,0,0,-0.2821573717859315
789.584295,3,344,25,1177,1,0,0,0,3,1,48,0,0,0,-0.2957367579280991
803.590825,3,345,25,1177,1,3.007727,0,0,3,2,104,0,0,0,-0.28763037440486805
803.588738,6,533,43,53,2,0.000576,34,149,4,1,82,1,197,0,-0.2970467763842172
803.589865,6,476,43,53,2,0.000425,34,94,4,1,82,1,142,0,-0.31140711149245554
812.596717,3,345,25,1177,1,0,0,0,3,1,48,0,0,0,-0.2961432888421313
762.552892,12,6,52,136,0,0,0,0,0,1,72,0,0,0,-0.2869602246572242
770.168692,11,1,46,131,0,0,0,0,0,1,72,0,0,0,-0.304466717475769
770.302375,10,2,59,130,0,0,0,0,0,1,72,0,0,0,-0.31071008231981706
770.594374,9,2,57,130,0,0,0,0,0,1,72,0,0,0,-0.3154674076605088
770.766711,12,2,56,130,0,0,0,0,0,1,72,0,0,0,-0.31800634858142357
826.603818,3,346,25,1177,1,2.997576,0,0,3,2,104,0,0,0,-0.2940247008959835
771.768073,12,2,55,130,0,0,0,0,0,1,72,0,0,0,-0.31888803056375664
771.79907,10,2,54,130,0,0,0,0,0,1,72,0,0,0,-0.3266408995563436
772.769992,12,2,50,130,0,0,0,0,0,1,72,0,0,0,-0.31587634675380893
773.785982,10,2,51,130,0,0,0,0,0,1,72,0,0,0,-0.32284157678479797
775.554416,9,2,60,130,0,0,0,0,0,1,72,0,0,0,-0.301849145639698
826.601727,6,79,43,53,2,0.000595,34,149,4,1,82,1,197,0,-0.3242706213969962
826.602875,6,242,43,53,2,0.00042,34,94,4,1,82,1,142,0,-0.32880997731281647
778.299309,10,2,53,130,0,0,0,0,0,1,72,0,0,0,-0.325554042679286
835.600283,3,346,25,1177,1,0,0,0,3,1,48,0,0,0,-0.2977580315332757
849.652833,3,347,25,1177,1,3.00195,0,0,3,2,104,0,0,0,-0.29339663744083705
849.614851,6,11,43,53,2,0.036374,34,149,4,1,82,1,197,0,-0.3026797046126991
849.651775,6,39,43,53,2,0.000468,34,94,4,1,82,1,142,0,-0.310367437133068
858.653635,3,347,25,1177,1,0,0,0,3,1,48,0,0,0,-0.2977580315332757
872.659338,3,348,25,1177,1,3.008488,0,0,3,2,104,0,0,0,-0.2867706944427126
872.657172,6,503,43,53,2,0.000614,34,149,4,1,82,1,197,0,-0.3022283917369102
872.658369,6,530,43,53,2,0.000479,34,94,4,1,82,1,142,0,-0.30710964929543594
881.666771,3,348,25,1177,1,0,0,0,3,1,48,0,0,0,-0.2965243499067552
895.672952,3,349,25,1177,1,2.998179,0,0,3,2,104,0,0,0,-0.2930091685452652
895.670856,6,168,43,53,2,0.000578,34,149,4,1,82,1,197,0,-0.32941337451067165
895.671984,6,120,43,53,2,0.000438,34,94,4,1,82,1,142,0,-0.32875765767015824
904.669409,3,349,25,1177,1,0,0,0,3,1,48,0,0,0,-0.2957120228389936
918.722251,3,350,25,1177,1,3.001707,0,0,3,2,104,0,0,0,-0.2925092702123958
918.684133,6,88,43,53,2,0.036506,34,149,4,1,82,1,197,0,-0.3217128352441411
918.721219,6,507,43,53,2,0.000488,34,94,4,1,82,1,142,0,-0.3080285876800259
919.410956,4,133,19,5353,2,0,0,0,3,1,73,0,0,0,-0.15871712747862077
919.410981,5,133,60,5353,2,0,0,0,3,1,93,0,0,0,-0.1493671857501344
927.722704,3,350,25,1177,1,0,0,0,3,1,48,0,0,0,-0.2957120228389936
941.74966,3,351,25,1177,1,3.007633,0,0,3,2,104,0,0,0,-0.2879072617693566
941.747598,6,513,43,53,2,0.000551,34,149,4,1,82,1,197,0,-0.3027222928172293
941.7487,6,535,43,53,2,0.000424,34,94,4,1,82,1,142,0,-0.30489168802471633
895.608616,11,1,46,131,0,0,0,0,0,1,72,0,0,0,-0.30546689719022846
950.75548,3,351,25,1177,1,0,0,0,3,1,48,0,0,0,-0.2960914830064695
897.268929,12,2,55,130,0,0,0,0,0,1,72,0,0,0,-0.3201118672254637
897.854417,10,2,53,130,0,0,0,0,0,1,72,0,0,0,-0.32572182946310857
899.261552,12,2,56,130,0,0,0,0,0,1,72,0,0,0,-0.3192330411655402
901.765505,12,2,50,130,0,0,0,0,0,1,72,0,0,0,-0.3159950905264734
901.902413,9,2,57,130,0,0,0,0,0,1,72,0,0,0,-0.3163917659737043
902.35293,10,2,54,130,0,0,0,0,0,1,72,0,0,0,-0.3278396233170973
902.856663,10,2,51,130,0,0,0,0,0,1,72,0,0,0,-0.32295814881066737
903.34879,10,2,59,130,0,0,0,0,0,1,72,0,0,0,-0.31227458565432026
905.070434,9,2,60,130,0,0,0,0,0,1,72,0,0,0,-0.30425326453132806
964.76217,3,352,25,1177,1,2.998245,0,0,3,2,104,0,0,0,-0.2943316606907824
964.760137,6,48,43,53,2,0.000586,34,149,4,1,82,1,197,0,-0.30974966346719157
964.761227,6,515,43,53,2,0.000441,34,94,4,1,82,1,142,0,-0.3088011085549313
973.768576,3,352,25,1177,1,0,0,0,3,1,48,0,0,0,-0.2978010717590589
920.847943,7,6,49,136,0,0,0,0,0,1,72,0,0,0,-0.2812617754335233
925.848983,10,6,52,136,0,0,0,0,0,1,72,0,0,0,-0.2962752673609326
988.701377,3,353,25,1177,1,3.003043,0,0,3,2,104,0,0,0,-0.2932945993354219
987.7734,6,38,43,53,2,0.926193,34,149,4,1,82,1,197,0,-0.2817844465158298
988.700276,6,50,43,53,2,0.00055,34,94,4,1,82,1,142,0,-0.3121739316040809
997.703099,3,353,25,1177,1,0,0,0,3,1,48,0,0,0,-0.2978010717590589
1011.710422,3,354,25,1177,1,3.007619,0,0,3,2,104,0,0,0,-0.2899270934540336
1011.708279,6,110,43,53,2,0.000604,34,149,4,1,82,1,197,0,-0.3251122722390764
1011.709437,6,98,43,53,2,0.000436,34,94,4,1,82,1,142,0,-0.3257838584337981
1020.716607,3,354,25,1177,1,0,0,0,3,1,48,0,0,0,-0.29807665925712845
969.746514,11,5,46,133,0,0,0,0,0,1,184,0,0,0,-0.27906701358579994
1034.723116,3,355,25,1177,1,2.997914,0,0,3,2,104,0,0,0,-0.29503857609195633
1034.721013,6,216,43,53,2,0.00059,34,149,4,1,82,1,197,0,-0.3277371629116428
1034.722147,6,521,43,53,2,0.000442,34,94,4,1,82,1,142,0,-0.3084411059198966
1043.719386,3,355,25,1177,1,0,0,0,3,1,48,0,0,0,-0.29785721325316605
1057.750371,3,356,25,1177,1,3.003777,0,0,3,2,104,0,0,0,-0.291886005556664
1057.733743,6,444,43,53,2,0.015139,34,149,4,1,82,1,197,0,-0.3043039810119672
1057.749352,6,450,43,53,2,0.000518,34,94,4,1,82,1,142,0,-0.31380717873995095
1066.752395,3,356,25,1177,1,0,0,0,3,1,48,0,0,0,-0.29785721325316605
1021.048581,11,1,46,131,0,0,0,0,0,1,72,0,0,0,-0.3052411142427696
1022.268764,12,2,50,130,0,0,0,0,0,1,72,0,0,0,-0.3134005691194206
1023.413133,10,2,53,130,0,0,0,0,0,1,72,0,0,0,-0.3238451946348768
1023.916185,10,2,54,130,0,0,0,0,0,1,72,0,0,0,-0.3259737012531099
1023.916233,10,2,59,130,0,0,0,0,0,1,72,0,0,0,-0.31032992855263253
1025.262981,12,2,55,130,0,0,0,0,0,1,72,0,0,0,-0.31780185286745755
1080.759255,3,357,25,1177,1,3.007912,0,0,3,2,104,0,0,0,-0.288620786769498
1026.222438,9,2,60,130,0,0,0,0,0,1,72,0,0,0,-0.303661500410547
1026.764799,12,2,56,130,0,0,0,0,0,1,72,0,0,0,-0.31691763620110924
1028.412157,10,2,51,130,0,0,0,0,0,1,72,0,0,0,-0.3208132924115869
1080.75723,6,445,43,53,2,0.000636,34,149,4,1,82,1,197,0,-0.30470970380232415
1080.758342,6,269,43,53,2,0.00047,34,94,4,1,82,1,142,0,-0.3293209637442681
1030.862342,9,2,57,130,0,0,0,0,0,1,72,0,0,0,-0.31358841963714734
1089.76559,3,357,25,1177,1,0,0,0,3,1,48,0,0,0,-0.2972848014330123
1103.773773,3,358,25,1177,1,2.996132,0,0,3,2,104,0,0,0,-0.28965314654928775
1103.771585,6,470,43,53,2,0.00058,34,149,4,1,82,1,197,0,-0.3041735692751379
1103.772717,6,68,43,53,2,0.000505,34,94,4,1,82,1,142,0,-0.3189861309627007
1112.778553,3,358,25,1177,1,0,0,0,3,1,48,0,0,0,-0.29513628298961686
1126.897037,3,359,25,1177,1,2.996174,0,0,3,2,104,0,0,0,-0.2899644985622119
1126.78353,6,166,43,53,2,0.111772,34,50,4,1,82,1,98,0,-0.3175219446827335
1126.895881,6,545,43,53,2,0.000654,34,94,4,1,82,1,142,0,-0.30355620256783983
1135.891661,3,359,25,1177,1,0,0,0,3,1,48,0,0,0,-0.29480810003625696
1149.898496,3,360,25,1177,1,2.997573,0,0,3,2,104,0,0,0,-0.2915355640030333
1149.896542,6,543,43,53,2,0.000386,34,50,4,1,82,1,98,0,-0.2807940520925997
1149.897486,6,488,43,53,2,0.000469,34,94,4,1,82,1,142,0,-0.3110499613587548
1158.894725,3,360,25,1177,1,0,0,0,3,1,48,0,0,0,-0.29315252603045133
1172.901365,3,361,25,1177,1,2.998442,0,0,3,2,104,0,0,0,-0.29337963899689395
1172.899117,6,160,43,53,2,0.000332,34,50,4,1,82,1,98,0,-0.32041658646073556
1172.900339,6,213,43,53,2,0.000502,34,94,4,1,82,1,142,0,-0.33037265900069623
1181.90777,3,361,25,1177,1,0,0,0,3,1,48,0,0,0,-0.29344352601486495
1195.944186,3,362,25,1177,1,2.9983,0,0,3,2,104,0,0,0,-0.2921901127698073
1195.912145,6,517,43,53,2,0.030567,34,149,4,1,82,1,197,0,-0.29657116532336736
1195.943223,6,47,43,53,2,0.000486,34,94,4,1,82,1,142,0,-0.3106355612606024
1146.488585,11,1,46,131,0,0,0,0,0,1,72,0,0,0,-0.30528282240823273
1146.767999,12,2,56,130,0,0,0,0,0,1,72,0,0,0,-0.31755552513499447
1148.970631,10,2,51,130,0,0,0,0,0,1,72,0,0,0,-0.3214819352405348
1149.761679,12,2,50,130,0,0,0,0,0,1,72,0,0,0,-0.31464637387339034
1204.941413,3,362,25,1177,1,0,0,0,3,1,48,0,0,0,-0.2913976894606326
1151.464347,10,2,59,130,0,0,0,0,0,1,72,0,0,0,-0.31138808296742815
1152.265629,12,2,55,130,0,0,0,0,0,1,72,0,0,0,-0.3189558279764218
1152.467181,10,2,54,130,0,0,0,0,0,1,72,0,0,0,-0.3268075565233064
1154.446402,9,2,57,130,0,0,0,0,0,1,72,0,0,0,-0.3136672725931415
1155.474182,10,2,53,130,0,0,0,0,0,1,72,0,0,0,-0.32468383729415873
1156.366397,9,2,60,130,0,0,0,0,0,1,72,0,0,0,-0.30263317812815194
1218.956032,3,363,25,1177,1,2.999574,0,0,3,2,104,0,0,0,-0.29170082058514757
1218.954244,6,266,43,53,2,0.000733,34,149,4,1,82,1,197,0,-0.32694621026855114
1218.955244,6,107,43,53,2,0.000493,34,94,4,1,82,1,142,0,-0.32652192722179524
1227.954416,3,363,25,1177,1,0,0,0,3,1,48,0,0,0,-0.2924771044301442
1241.987966,3,364,25,1177,1,3.001022,0,0,3,2,104,0,0,0,-0.2901745934659719
1241.986013,6,472,43,53,2,0.000595,34,149,4,1,82,1,197,0,-0.30396342546856114
1241.987071,6,255,43,53,2,0.000446,34,94,4,1,82,1,142,0,-0.32961277628287994
1250.997815,3,364,25,1177,1,0,0,0,3,1,48,0,0,0,-0.29319055806039496
1265.018416,3,365,25,1177,1,2.993681,0,0,3,2,104,0,0,0,-0.28511862655128006
1265.001747,6,494,43,53,2,0.015168,34,149,4,1,82,1,197,0,-0.301675245055537
1265.01751,6,516,43,53,2,0.000426,34,94,4,1,82,1,142,0,-0.3100047262258266
1274.010465,3,365,25,1177,1,0,0,0,3,1,48,0,0,0,-0.291698949317087
1288.027144,3,366,25,1177,1,2.998122,0,0,3,2,104,0,0,0,-0.2927504766135841
1234.390873,7,6,49,136,0,0,0,0,0,1,72,0,0,0,-0.27693289936906385
1288.024925,6,276,43,53,2,0.000615,34,149,4,1,82,1,197,0,-0.32511484653798367
1288.026079,6,489,43,53,2,0.000583,34,94,4,1,82,1,142,0,-0.3113412144934208
1239.400871,10,6,52,136,0,0,0,0,0,1,72,0,0,0,-0.29627840758642743
1297.023964,3,366,25,1177,1,0,0,0,3,1,48,0,0,0,-0.2908220993596231
1311.033685,3,367,25,1177,1,3.0045,0,0,3,2,104,0,0,0,-0.28844814132814955
1311.02792,6,136,43,53,2,0.004277,34,149,4,1,82,1,197,0,-0.32482758788943317
1311.032708,6,260,43,53,2,0.000516,34,94,4,1,82,1,142,0,-0.3285201274882017
1320.036938,3,367,25,1177,1,0,0,0,3,1,48,0,0,0,-0.29076483264903324
1271.928531,11,1,46,131,0,0,0,0,0,1,72,0,0,0,-0.3036738305927062
1274.526492,10,2,53,130,0,0,0,0,0,1,72,0,0,0,-0.3236447253927353
1275.029342,10,2,54,130,0,0,0,0,0,1,72,0,0,0,-0.3257743763890312
1275.374379,9,2,57,130,0,0,0,0,0,1,72,0,0,0,-0.3115719376042621
1275.762858,12,2,50,130,0,0,0,0,0,1,72,0,0,0,-0.3134121825415799
1276.264224,12,2,55,130,0,0,0,0,0,1,72,0,0,0,-0.31773555754306365
1276.529016,10,2,59,130,0,0,0,0,0,1,72,0,0,0,-0.30928028031955834
1277.031622,10,2,51,130,0,0,0,0,0,1,72,0,0,0,-0.3204338800959778
1334.091391,3,368,25,1177,1,3.000134,0,0,3,2,104,0,0,0,-0.29226751057481487
1279.268459,12,2,56,130,0,0,0,0,0,1,72,0,0,0,-0.31633073128099143
1280.846394,9,2,60,130,0,0,0,0,0,1,72,0,0,0,-0.30101329478790295
1334.07378,6,65,43,53,2,0.016096,34,149,4,1,82,1,197,0,-0.31438509945145515
1334.090455,6,108,43,53,2,0.000412,34,94,4,1,82,1,142,0,-0.3256330934395191
1343.089949,3,368,25,1177,1,0,0,0,3,1,48,0,0,0,-0.29076483264903324
1357.106013,3,369,25,1177,1,2.998013,0,0,3,2,104,0,0,0,-0.29284091719234856
1357.103929,6,64,43,53,2,0.000668,34,149,4,1,82,1,197,0,-0.31427066096654155
1357.105093,6,511,43,53,2,0.000436,34,94,4,1,82,1,142,0,-0.30955526081070023
1366.103012,3,369,25,1177,1,0,0,0,3,1,48,0,0,0,-0.29076483264903324
1380.109968,3,370,25,1177,1,3.007508,0,0,3,2,104,0,0,0,-0.2843337464062322
1380.10782,6,93,43,53,2,0.000592,34,149,4,1,82,1,197,0,-0.3222052237218672
1380.108974,6,544,43,53,2,0.000436,34,94,4,1,82,1,142,0,-0.3055825331097314
1389.116118,3,370,25,1177,1,0,0,0,3,1,48,0,0,0,-0.2900669617774483
1340.15766,7,6,49,136,0,0,0,0,0,1,72,0,0,0,-0.27353526708841247
1345.176865,10,6,52,136,0,0,0,0,0,1,72,0,0,0,-0.2942804014227416
1404.373101,3,371,25,1177,1,2.99917,0,0,3,2,104,0,0,0,-0.2921719563095935
1404.192429,6,475,43,53,2,0.015318,34,149,4,1,82,1,197,0,-0.30254897381129475
1404.208174,6,149,43,53,2,0.000486,34,94,4,1,82,1,142,0,-0.32586963712859723
1413.371245,3,371,25,1177,1,0,0,0,3,1,48,0,0,0,-0.2898950073616262
1427.386442,3,372,25,1177,1,2.999057,0,0,3,2,104,0,0,0,-0.2907010112393629
1427.384759,6,72,43,53,2,0.000547,34,149,4,1,82,1,197,0,-0.31895280806570986
1427.385626,6,75,43,53,2,0.000474,34,94,4,1,82,1,142,0,-0.32197959846653285
1436.384021,3,372,25,1177,1,0,0,0,3,1,48,0,0,0,-0.2905801884267966
1450.460541,3,373,25,1177,1,3.008203,0,0,3,2,104,0,0,0,-0.2797733996987232
1397.368488,11,1,46,131,0,0,0,0,0,1,72,0,0,0,-0.3055174003766711
1397.594502,10,2,54,130,0,0,0,0,0,1,72,0,0,0,-0.3265113727370609
1399.761281,12,2,50,130,0,0,0,0,0,1,72,0,0,0,-0.31443247303478095
1450.418998,6,177,43,53,2,0.000759,34,149,4,1,82,1,197,0,-0.32676953298106803
1450.459424,6,165,43,53,2,0.000631,34,94,4,1,82,1,142,0,-0.3301841289544516
1401.070357,9,2,60,130,0,0,0,0,0,1,72,0,0,0,-0.30140949077270374
1402.097895,10,2,59,130,0,0,0,0,0,1,72,0,0,0,-0.3108145009630505
1402.765507,12,2,56,130,0,0,0,0,0,1,72,0,0,0,-0.31701395229050955
1459.466972,3,373,25,1177,1,0,0,0,3,1,48,0,0,0,-0.2908898114788823
1404.593995,10,2,51,130,0,0,0,0,0,1,72,0,0,0,-0.321363772354145
1404.654456,9,2,57,130,0,0,0,0,0,1,72,0,0,0,-0.31188404319541474
1405.593683,10,2,53,130,0,0,0,0,0,1,72,0,0,0,-0.3243148093726338
1406.761602,12,2,55,130,0,0,0,0,0,1,72,0,0,0,-0.31841625527406475
1473.524403,3,374,25,1177,1,2.997557,0,0,3,2,104,0,0,0,-0.28984128936790066
1473.485879,6,156,43,53,2,0.036803,34,149,4,1,82,1,197,0,-0.32302630716426256
1473.52337,6,495,43,53,2,0.000489,34,94,4,1,82,1,142,0,-0.3099153401786074
1482.520583,3,374,25,1177,1,0,0,0,3,1,48,0,0,0,-0.2908898114788823
1438.556762,7,6,49,136,0,0,0,0,0,1,72,0,0,0,-0.26913134004123135
1496.536635,3,375,25,1177,1,2.99838,0,0,3,2,104,0,0,0,-0.2898287209879771
1443.56091,10,6,52,136,0,0,0,0,0,1,72,0,0,0,-0.29291743548059346
1496.534636,6,124,43,53,2,0.000591,34,149,4,1,82,1,197,0,-0.326289240438046
1496.535707,6,183,43,53,2,0.000463,34,94,4,1,82,1,142,0,-0.3293372766399535
1505.533229,3,375,25,1177,1,0,0,0,3,1,48,0,0,0,-0.2898689235623909
1519.54027,3,376,25,1177,1,3.007396,0,0,3,2,104,0,0,0,-0.27996701371838945
1519.538013,6,150,43,53,2,0.000592,34,149,4,1,82,1,197,0,-0.32548755967724546
1519.539155,6,82,43,53,2,0.000638,34,94,4,1,82,1,142,0,-0.32396238009396433
1528.546832,3,376,25,1177,1,0,0,0,3,1,48,0,0,0,-0.28926009845426154
1480.150037,11,5,46,133,0,0,0,0,0,1,184,0,0,0,-0.27012763663467865
1542.567867,3,377,25,1177,1,2.993089,0,0,3,2,104,0,0,0,-0.27949411064394214
1542.55071,6,267,43,53,2,0.015818,34,149,4,1,82,1,197,0,-0.3259194880369071
1542.566948,6,214,43,53,2,0.000469,34,94,4,1,82,1,142,0,-0.3298655115345208
1551.559547,3,377,25,1177,1,0,0,0,3,1,48,0,0,0,-0.2880377990720403
1565.576493,3,378,25,1177,1,2.9972,0,0,3,2,104,0,0,0,-0.2880088453623702
1565.574447,6,527,43,53,2,0.000608,34,149,4,1,82,1,197,0,-0.29835752551312966
1565.575551,6,462,43,53,2,0.000482,34,94,4,1,82,1,142,0,-0.31246949853129474
1574.572325,3,378,25,1177,1,0,0,0,3,1,48,0,0,0,-0.28922400105162716
1522.808512,11,1,46,131,0,0,0,0,0,1,72,0,0,0,-0.3043934523831451
1525.151948,10,2,54,130,0,0,0,0,0,1,72,0,0,0,-0.3244997042409108
1525.998402,9,2,57,130,0,0,0,0,0,1,72,0,0,0,-0.30963738623229986
1526.764071,12,2,50,130,0,0,0,0,0,1,72,0,0,0,-0.3137752499604821
1528.156283,10,2,51,130,0,0,0,0,0,1,72,0,0,0,-0.32036205504837384
1528.766722,12,2,56,130,0,0,0,0,0,1,72,0,0,0,-0.31423386352529953
1528.766897,12,2,55,130,0,0,0,0,0,1,72,0,0,0,-0.3156464339598827
1530.062335,9,2,60,130,0,0,0,0,0,1,72,0,0,0,-0.29822542357917664
1530.158656,10,2,53,130,0,0,0,0,0,1,72,0,0,0,-0.3217728847707023
1530.651836,10,2,59,130,0,0,0,0,0,1,72,0,0,0,-0.30804356201791944
1588.579348,3,379,25,1177,1,3.008169,0,0,3,2,104,0,0,0,-0.2798765650830156
1588.577172,6,206,43,53,2,0.000591,34,149,4,1,82,1,197,0,-0.3255643047418844
1588.578381,6,529,43,53,2,0.000449,34,94,4,1,82,1,142,0,-0.3072193849919277
1597.585403,3,379,25,1177,1,0,0,0,3,1,48,0,0,0,-0.28946539799713605
1611.622345,3,380,25,1177,1,2.99804,0,0,3,2,104,0,0,0,-0.2898921109678938
1611.590199,6,173,43,53,2,0.03047,34,149,4,1,82,1,197,0,-0.32561981244291693
1611.621305,6,152,43,53,2,0.000474,34,94,4,1,82,1,142,0,-0.32675599126492166
1620.628671,3,380,25,1177,1,0,0,0,3,1,48,0,0,0,-0.288365026157152
1634.63583,3,381,25,1177,1,2.997101,0,0,3,2,104,0,0,0,-0.28918089002019204
1634.63363,6,45,43,53,2,0.000675,34,149,4,1,82,1,197,0,-0.3058568961890385
1634.634892,6,80,43,53,2,0.000422,34,94,4,1,82,1,142,0,-0.3235087663579812
1643.632307,3,381,25,1177,1,0,0,0,3,1,48,0,0,0,-0.28860117443158684
1657.637881,3,382,25,1177,1,2.998742,0,0,3,2,104,0,0,0,-0.2898066798530453
1657.635825,6,265,43,53,2,0.000576,34,149,4,1,82,1,197,0,-0.3246110870992186
1657.636916,6,145,43,53,2,0.000475,34,94,4,1,82,1,142,0,-0.32771012806030453
1666.635124,3,382,25,1177,1,0,0,0,3,1,48,0,0,0,-0.28993862660769737
1680.754642,3,383,25,1177,1,2.994777,0,0,3,2,104,0,0,0,-0.28810935495665274
1680.639204,6,469,43,53,2,0.113926,34,50,4,1,82,1,98,0,-0.274702743339004
1680.753689,6,541,43,53,2,0.000441,34,94,4,1,82,1,142,0,-0.30126277424004044
1689.75809,3,383,25,1177,1,0,0,0,3,1,48,0,0,0,-0.29067980672338384
1648.248476,11,1,46,131,0,0,0,0,0,1,72,0,0,0,-0.30234811617784335
1703.764126,3,384,25,1177,1,2.998288,0,0,3,2,104,0,0,0,-0.28786898942179334
1648.769206,12,2,55,130,0,0,0,0,0,1,72,0,0,0,-0.31509954776097227
1652.713805,10,2,59,130,0,0,0,0,0,1,72,0,0,0,-0.3077459087167019
1652.926405,9,2,60,130,0,0,0,0,0,1,72,0,0,0,-0.2977063350871133
1703.762364,6,85,43,53,2,0.00035,34,50,4,1,82,1,98,0,-0.3115733704435362
1703.763184,6,193,43,53,2,0.000482,34,94,4,1,82,1,142,0,-0.3254738323647974
1654.220052,10,2,54,130,0,0,0,0,0,1,72,0,0,0,-0.3237373606519015
1655.217878,10,2,51,130,0,0,0,0,0,1,72,0,0,0,-0.3207644229029444
1655.598437,9,2,57,130,0,0,0,0,0,1,72,0,0,0,-0.3090084886407031
1657.22365,10,2,53,130,0,0,0,0,0,1,72,0,0,0,-0.3206171969790267
1657.26167,12,2,56,130,0,0,0,0,0,1,72,0,0,0,-0.3134257118109431
1657.261814,12,2,50,130,0,0,0,0,0,1,72,0,0,0,-0.31280646901120185
1712.761199,3,384,25,1177,1,0,0,0,3,1,48,0,0,0,-0.288642361481552
1726.778137,3,385,25,1177,1,2.997367,0,0,3,2,104,0,0,0,-0.28908329627509655
1726.776209,6,123,43,53,2,0.000393,34,50,4,1,82,1,98,0,-0.3170588273584327
1726.777149,6,61,43,53,2,0.000507,34,94,4,1,82,1,142,0,-0.31452462436587736
1735.774618,3,385,25,1177,1,0,0,0,3,1,48,0,0,0,-0.2892171491973098
1750.64643,3,386,25,1177,1,2.993415,0,0,3,2,104,0,0,0,-0.28240122489905034
1749.778751,6,114,43,53,2,0.866071,34,50,4,1,82,1,98,0,-0.27856694257663683
1750.645495,6,452,43,53,2,0.000496,34,94,4,1,82,1,142,0,-0.3080831442280991
1759.648753,3,386,25,1177,1,0,0,0,3,1,48,0,0,0,-0.2912287270659715
1773.654617,3,387,25,1177,1,2.998811,0,0,3,2,104,0,0,0,-0.28949348510336137
1773.652751,6,81,43,53,2,0.000373,34,50,4,1,82,1,98,0,-0.31020323675691924
1773.65363,6,41,43,53,2,0.000435,34,94,4,1,82,1,142,0,-0.30398335518991826
1782.651561,3,387,25,1177,1,0,0,0,3,1,48,0,0,0,-0.29042096227716546
1796.668698,3,388,25,1177,1,2.99764,0,0,3,2,104,0,0,0,-0.28839245840556266
1796.666793,6,135,43,53,2,0.000402,34,50,4,1,82,1,98,0,-0.3153198853798574
1796.667743,6,113,43,53,2,0.000449,34,94,4,1,82,1,142,0,-0.32514684803186894
1805.66478,3,388,25,1177,1,0,0,0,3,1,48,0,0,0,-0.28917852702962044
1819.701902,3,389,25,1177,1,3.007436,0,0,3,2,104,0,0,0,-0.27505557454885765
1819.670049,6,126,43,53,2,0.030278,34,149,4,1,82,1,197,0,-0.3197109442803018
1819.70091,6,217,43,53,2,0.000493,34,94,4,1,82,1,142,0,-0.3226208526313402
1773.688422,11,1,46,131,0,0,0,0,0,1,72,0,0,0,-0.3011086070959234
1828.718371,3,389,25,1177,1,0,0,0,3,1,48,0,0,0,-0.2891133286276149
1773.768709,12,2,55,130,0,0,0,0,0,1,72,0,0,0,-0.313869131803581
1773.772352,10,2,51,130,0,0,0,0,0,1,72,0,0,0,-0.31893656050870683
1777.264274,12,2,56,130,0,0,0,0,0,1,72,0,0,0,-0.31161519007543886
1777.91837,9,2,60,130,0,0,0,0,0,1,72,0,0,0,-0.29460057345647267
1778.265475,12,2,50,130,0,0,0,0,0,1,72,0,0,0,-0.31106304619529457
1780.278877,10,2,54,130,0,0,0,0,0,1,72,0,0,0,-0.3220141481735353
1780.777749,10,2,59,130,0,0,0,0,0,1,72,0,0,0,-0.305996909628065
1782.275868,10,2,53,130,0,0,0,0,0,1,72,0,0,0,-0.3188588738386605
1783.214385,9,2,57,130,0,0,0,0,0,1,72,0,0,0,-0.30637878656295053
1842.766195,3,390,25,1177,1,2.986213,0,0,3,2,104,0,0,0,-0.27498696527827515
1842.761742,6,453,43,53,2,0.000646,34,149,4,1,82,1,197,0,-0.2974948781556937
1842.762902,6,119,43,53,2,0.002783,34,94,4,1,82,1,142,0,-0.32446394174611415
1851.750937,3,390,25,1177,1,0,0,0,3,1,48,0,0,0,-0.2891133286276149
1865.768281,3,391,25,1177,1,2.997473,0,0,3,2,104,0,0,0,-0.28786681186244406
1865.766241,6,96,43,53,2,0.000685,34,149,4,1,82,1,197,0,-0.3180483088247892
1865.76737,6,122,43,53,2,0.000449,34,94,4,1,82,1,142,0,-0.3242119988691541
1874.764211,3,391,25,1177,1,0,0,0,3,1,48,0,0,0,-0.2891133286276149
1888.806866,3,392,25,1177,1,3.002088,0,0,3,2,104,0,0,0,-0.28272218554016254
1834.379589,7,6,49,136,0,0,0,0,0,1,72,0,0,0,-0.2657918116454949
1888.768574,6,95,43,53,2,0.036697,34,149,4,1,82,1,197,0,-0.3165068842789306
1888.805813,6,131,43,53,2,0.000524,34,94,4,1,82,1,142,0,-0.32395391725603717
1839.385351,10,6,52,136,0,0,0,0,0,1,72,0,0,0,-0.28946309864557923
1897.807188,3,392,25,1177,1,0,0,0,3,1,48,0,0,0,-0.2892431401688966
1911.814737,3,393,25,1177,1,2.99673,0,0,3,2,104,0,0,0,-0.28725711625920947
1911.812543,6,137,43,53,2,0.000668,34,149,4,1,82,1,197,0,-0.32105293828650333
1911.813788,6,215,43,53,2,0.000426,34,94,4,1,82,1,142,0,-0.32177848976945905
1920.810836,3,393,25,1177,1,0,0,0,3,1,48,0,0,0,-0.2873710789414348
1934.826582,3,394,25,1177,1,2.998436,0,0,3,2,104,0,0,0,-0.2867498350855628
1934.824522,6,536,43,53,2,0.000569,34,149,4,1,82,1,197,0,-0.28749291537533544
1934.825604,6,115,43,53,2,0.000431,34,94,4,1,82,1,142,0,-0.32359897418356015
1943.82341,3,394,25,1177,1,0,0,0,3,1,48,0,0,0,-0.28737671644491725
1899.12847,11,1,46,131,0,0,0,0,0,1,72,0,0,0,-0.29853310994764465
1899.269461,12,2,50,130,0,0,0,0,0,1,72,0,0,0,-0.30879418352867566
1900.714362,9,2,60,130,0,0,0,0,0,1,72,0,0,0,-0.29128779493471013
1900.761676,12,2,55,130,0,0,0,0,0,1,72,0,0,0,-0.3104957617149822
1902.26359,12,2,56,130,0,0,0,0,0,1,72,0,0,0,-0.3082219596508272
1902.337636,10,2,54,130,0,0,0,0,0,1,72,0,0,0,-0.32031140085037946
1957.866006,3,395,25,1177,1,3.002456,0,0,3,2,104,0,0,0,-0.2806120041474761
1903.344199,10,2,59,130,0,0,0,0,0,1,72,0,0,0,-0.3037645217491414
1904.686364,9,2,57,130,0,0,0,0,0,1,72,0,0,0,-0.30316304246957454
1905.849799,10,2,51,130,0,0,0,0,0,1,72,0,0,0,-0.31564080979764014
1906.843555,10,2,53,130,0,0,0,0,0,1,72,0,0,0,-0.3166060059451641
1957.827852,6,466,43,53,2,0.036576,34,149,4,1,82,1,197,0,-0.2933060105288241
1957.864986,6,111,43,53,2,0.000495,34,94,4,1,82,1,142,0,-0.3223273887878059
1966.866363,3,395,25,1177,1,0,0,0,3,1,48,0,0,0,-0.2874645069601276
1913.832452,11,5,46,133,0,0,0,0,0,1,184,0,0,0,-0.2608229754058598
1980.871967,3,396,25,1177,1,2.999549,0,0,3,2,104,0,0,0,-0.2861152929496478
1980.869865,6,259,43,53,2,0.000934,34,149,4,1,82,1,197,0,-0.3185123712352162
1980.871142,6,220,43,53,2,0.000475,34,94,4,1,82,1,142,0,-0.32236833118739183
1989.869682,3,396,25,1177,1,0,0,0,3,1,48,0,0,0,-0.2873511695127552
2003.886086,3,397,25,1177,1,2.998158,0,0,3,2,104,0,0,0,-0.286690379097287
2003.884156,6,210,43,53,2,0.000604,34,149,4,1,82,1,197,0,-0.31957455494123616
2003.885223,6,101,43,53,2,0.000437,34,94,4,1,82,1,142,0,-0.3210863241371
2012.882785,3,397,25,1177,1,0,0,0,3,1,48,0,0,0,-0.2879487738596488
2026.919749,3,398,25,1177,1,3.007775,0,0,3,2,104,0,0,0,-0.2743213490778449
2026.887599,6,540,43,53,2,0.030478,34,149,4,1,82,1,197,0,-0.28452177140942514
2026.918662,6,271,43,53,2,0.000532,34,94,4,1,82,1,142,0,-0.32226742775961875
2035.926274,3,398,25,1177,1,0,0,0,3,1,48,0,0,0,-0.28855909003363384
2049.932764,3,399,25,1177,1,2.997373,0,0,3,2,104,0,0,0,-0.2866160330363471
2049.930594,6,139,43,53,2,0.000651,34,149,4,1,82,1,197,0,-0.3197790439493752
2049.931783,6,525,43,53,2,0.000447,34,94,4,1,82,1,142,0,-0.29962478543641674
2058.938872,3,399,25,1177,1,0,0,0,3,1,48,0,0,0,-0.28855909003363384
2072.956132,3,400,25,1177,1,2.997156,0,0,3,2,104,0,0,0,-0.28367647616935493
2072.953872,6,129,43,53,2,0.000669,34,149,4,1,82,1,197,0,-0.3196128373442698
2072.955118,6,275,43,53,2,0.000492,34,94,4,1,82,1,142,0,-0.32226742775961875
2024.568468,11,1,46,131,0,0,0,0,0,1,72,0,0,0,-0.29572638346116686
2026.395523,10,2,51,130,0,0,0,0,0,1,72,0,0,0,-0.3148442472829678
2081.95236,3,400,25,1177,1,0,0,0,3,1,48,0,0,0,-0.28414278471950294
2027.764199,12,2,56,130,0,0,0,0,0,1,72,0,0,0,-0.30493665180524276
2029.054363,9,2,57,130,0,0,0,0,0,1,72,0,0,0,-0.3006469731894812
2029.266329,12,2,55,130,0,0,0,0,0,1,72,0,0,0,-0.3072296825422417
2030.267893,12,2,50,130,0,0,0,0,0,1,72,0,0,0,-0.30536596809237604
2031.39186,10,2,53,130,0,0,0,0,0,1,72,0,0,0,-0.3155930931432995
2031.895286,10,2,54,130,0,0,0,0,0,1,72,0,0,0,-0.3174796496977408
2033.678348,9,2,60,130,0,0,0,0,0,1,72,0,0,0,-0.2856402187022373
2033.894864,10,2,59,130,0,0,0,0,0,1,72,0,0,0,-0.29829148934468624
2096.080268,3,401,25,1177,1,3.006772,0,0,3,2,104,0,0,0,-0.2702488315845625
2095.967108,6,90,43,53,2,0.082919,34,149,4,1,82,1,197,0,-0.31123303482357106
2096.050607,6,256,43,53,2,0.029134,34,94,4,1,82,1,142,0,-0.31996783370803866
2105.085319,3,401,25,1177,1,0,0,0,3,1,48,0,0,0,-0.2829619491871726
2119.092477,3,402,25,1177,1,2.997331,0,0,3,2,104,0,0,0,-0.2809821384619795
2119.090457,6,185,43,53,2,0.000562,34,149,4,1,82,1,197,0,-0.31877501765651006
2119.091571,6,219,43,53,2,0.000422,34,94,4,1,82,1,142,0,-0.32236833118739183
2128.098657,3,402,25,1177,1,0,0,0,3,1,48,0,0,0,-0.2810896276010956
2142.105788,3,403,25,1177,1,2.997125,0,0,3,2,104,0,0,0,-0.28138827128634547
2142.102778,6,162,43,53,2,0.001102,34,149,4,1,82,1,197,0,-0.3204355456781131
2142.104389,6,506,43,53,2,0.000926,34,94,4,1,82,1,142,0,-0.2998811954189023
2151.101159,3,403,25,1177,1,0,0,0,3,1,48,0,0,0,-0.28109380434557496
2165.184773,3,404,25,1177,1,3.001342,0,0,3,2,104,0,0,0,-0.2790102712315975
2165.116804,6,505,43,53,2,0.06618,34,149,4,1,82,1,197,0,-0.28436065383789555
2165.183715,6,102,43,53,2,0.00051,34,94,4,1,82,1,142,0,-0.3205131446756348
2174.184673,3,404,25,1177,1,0,0,0,3,1,48,0,0,0,-0.27918692064047324
2188.275344,3,405,25,1177,1,2.993779,0,0,3,2,104,0,0,0,-0.2691476106800304
2188.189893,6,52,43,53,2,0.067844,34,149,4,1,82,1,197,0,-0.2939282945269404
2188.258458,6,230,43,53,2,0.0163,34,94,4,1,82,1,142,0,-0.31648029382017834
2197.277959,3,405,25,1177,1,0,0,0,3,1,48,0,0,0,-0.2745394106125796
2150.008609,11,1,46,131,0,0,0,0,0,1,72,0,0,0,-0.29223645611535715
2150.270289,12,2,55,130,0,0,0,0,0,1,72,0,0,0,-0.3046074384645694
2150.270451,12,2,50,130,0,0,0,0,0,1,72,0,0,0,-0.30273117628335944
2151.957062,10,2,51,130,0,0,0,0,0,1,72,0,0,0,-0.3125718517473594
2152.75151,11,5,46,133,0,0,0,0,0,1,184,0,0,0,-0.2561961806568865
2152.764157,12,2,56,130,0,0,0,0,0,1,72,0,0,0,-0.3029507809402377
2155.95329,10,2,54,130,0,0,0,0,0,1,72,0,0,0,-0.31616873770756293
2156.457227,10,2,59,130,0,0,0,0,0,1,72,0,0,0,-0.29595675034921903
2211.626156,3,406,25,1177,1,2.996933,0,0,3,2,104,0,0,0,-0.27524947234866287
2156.948796,10,2,53,130,0,0,0,0,0,1,72,0,0,0,-0.3142756597886808
2157.230326,9,2,57,130,0,0,0,0,0,1,72,0,0,0,-0.2996024078173238
2158.734363,9,2,60,130,0,0,0,0,0,1,72,0,0,0,-0.28277109632456665
2211.282807,6,178,43,53,2,0.22848,34,149,4,1,82,1,197,0,-0.3005078692031372
2211.512033,6,53,43,53,2,0.113607,34,94,4,1,82,1,142,0,-0.29462370526757464
2220.621505,3,406,25,1177,1,0,0,0,3,1,48,0,0,0,-0.27357952931177265
2234.636116,3,407,25,1177,1,2.999758,0,0,3,2,104,0,0,0,-0.27365549698759717
2234.634157,6,106,43,53,2,0.000635,34,149,4,1,82,1,197,0,-0.30987033851308143
2234.635312,6,446,43,53,2,0.000299,34,94,4,1,82,1,142,0,-0.29854932269355855
2243.635037,3,407,25,1177,1,0,0,0,3,1,48,0,0,0,-0.27443751432519503
2258.049491,3,408,25,1177,1,3.00027,0,0,3,2,104,0,0,0,-0.27255158452529643
2257.639664,6,222,43,53,2,0.256396,34,50,4,1,82,1,98,0,-0.2958933285892993
2257.896791,6,77,43,53,2,0.152129,34,94,4,1,82,1,142,0,-0.30190707036388326
2267.058021,3,408,25,1177,1,0,0,0,3,1,48,0,0,0,-0.274043166052364
2281.06462,3,409,25,1177,1,2.99811,0,0,3,2,104,0,0,0,-0.27432984787767856
2281.061612,6,273,43,53,2,0.001028,34,50,4,1,82,1,98,0,-0.30580894634047984
2281.063186,6,76,43,53,2,0.000921,34,94,4,1,82,1,142,0,-0.3116815677994362
2290.061394,3,409,25,1177,1,0,0,0,3,1,48,0,0,0,-0.27224084265562853
2244.558965,7,6,49,136,0,0,0,0,0,1,72,0,0,0,-0.2500128781415823
2304.078042,3,410,25,1177,1,2.997876,0,0,3,2,104,0,0,0,-0.27477208592852415
2249.560655,10,6,52,136,0,0,0,0,0,1,72,0,0,0,-0.27562141019458597
2304.076013,6,49,43,53,2,0.000486,34,50,4,1,82,1,98,0,-0.2877269918544651
2304.077047,6,208,43,53,2,0.000481,34,94,4,1,82,1,142,0,-0.3189866442186216
2313.074144,3,410,25,1177,1,0,0,0,3,1,48,0,0,0,-0.27230118626337246
2327.311505,3,411,25,1177,1,3.008022,0,0,3,2,104,0,0,0,-0.2600376183290037
2275.448614,11,1,46,131,0,0,0,0,0,1,72,0,0,0,-0.2874929002850419
2327.079069,6,235,43,53,2,0.230661,34,50,4,1,82,1,98,0,-0.298755791681828
2327.310445,6,537,43,53,2,0.00054,34,94,4,1,82,1,142,0,-0.292082439603215
2278.49957,10,2,59,130,0,0,0,0,0,1,72,0,0,0,-0.29287827918793313
2280.012302,10,2,53,130,0,0,0,0,0,1,72,0,0,0,-0.31068308908632936
2281.015495,10,2,54,130,0,0,0,0,0,1,72,0,0,0,-0.31259395041926236
2336.32757,3,411,25,1177,1,0,0,0,3,1,48,0,0,0,-0.2714649187351619
2281.769628,12,2,55,130,0,0,0,0,0,1,72,0,0,0,-0.3025138185062251
2281.76979,12,2,50,130,0,0,0,0,0,1,72,0,0,0,-0.3003658083886094
2283.512119,10,2,51,130,0,0,0,0,0,1,72,0,0,0,-0.3100174291347836
2284.238345,9,2,57,130,0,0,0,0,0,1,72,0,0,0,-0.2973633452822597
2284.263216,12,2,56,130,0,0,0,0,0,1,72,0,0,0,-0.2995427084568999
2285.454365,9,2,60,130,0,0,0,0,0,1,72,0,0,0,-0.2801553911365526
2350.333958,3,412,25,1177,1,2.998647,0,0,3,2,104,0,0,0,-0.2745624600625278
2350.332283,6,71,43,53,2,0.000335,34,50,4,1,82,1,98,0,-0.29755249130883576
2350.333084,6,170,43,53,2,0.000431,34,94,4,1,82,1,142,0,-0.3178965773737188
2359.331032,3,412,25,1177,1,0,0,0,3,1,48,0,0,0,-0.2727743935573926
2373.347573,3,413,25,1177,1,2.997473,0,0,3,2,104,0,0,0,-0.27475851868966256
2373.345596,6,447,43,53,2,0.000433,34,50,4,1,82,1,98,0,-0.26796788422188617
2373.346597,6,112,43,53,2,0.000461,34,94,4,1,82,1,142,0,-0.3153688822397147
2382.343787,3,413,25,1177,1,0,0,0,3,1,48,0,0,0,-0.27339884304219714
2396.808891,3,414,25,1177,1,3.010629,0,0,3,2,104,0,0,0,-0.2592349706998095
2396.348666,6,163,43,53,2,0.296788,34,149,4,1,82,1,197,0,-0.2956186375619089
2396.646012,6,484,43,53,2,0.162339,34,94,4,1,82,1,142,0,-0.2766722432313717
2405.827977,3,414,25,1177,1,0,0,0,3,1,48,0,0,0,-0.2724405611709206
2354.163369,7,6,49,136,0,0,0,0,0,1,72,0,0,0,-0.24772010391833638
2359.176792,10,6,52,136,0,0,0,0,0,1,72,0,0,0,-0.27211846522261884
2419.834554,3,415,25,1177,1,2.997596,0,0,3,2,104,0,0,0,-0.273737478983569
2419.832438,6,252,43,53,2,0.000627,34,149,4,1,82,1,197,0,-0.3106945832401769
2419.833613,6,501,43,53,2,0.000416,34,94,4,1,82,1,142,0,-0.2921302361738434
2428.831303,3,415,25,1177,1,0,0,0,3,1,48,0,0,0,-0.27209383039073715
2442.847793,3,416,25,1177,1,2.997243,0,0,3,2,104,0,0,0,-0.27161801334099933
2442.845557,6,500,43,53,2,0.000614,34,149,4,1,82,1,197,0,-0.27704755036091894
2442.846789,6,261,43,53,2,0.000464,34,94,4,1,82,1,142,0,-0.3136181408273233
2451.843959,3,416,25,1177,1,0,0,0,3,1,48,0,0,0,-0.2696592781493342
2400.888464,11,1,46,131,0,0,0,0,0,1,72,0,0,0,-0.28625033661578386
2401.054001,10,2,51,130,0,0,0,0,0,1,72,0,0,0,-0.3071339877205038
2401.261587,12,2,56,130,0,0,0,0,0,1,72,0,0,0,-0.2973826417436491
2401.261727,12,2,50,130,0,0,0,0,0,1,72,0,0,0,-0.29845688702980305
2402.818387,9,2,60,130,0,0,0,0,0,1,72,0,0,0,-0.27767426483231344
2403.063319,10,2,59,130,0,0,0,0,0,1,72,0,0,0,-0.2895904073175529
2406.190387,9,2,57,130,0,0,0,0,0,1,72,0,0,0,-0.294691517796582
2406.556463,10,2,54,130,0,0,0,0,0,1,72,0,0,0,-0.309547278138541
2407.048704,10,2,53,130,0,0,0,0,0,1,72,0,0,0,-0.30762126059342654
2409.76338,12,2,55,130,0,0,0,0,0,1,72,0,0,0,-0.2992105679920847
2466.153694,3,417,25,1177,1,3.004871,0,0,3,2,104,0,0,0,-0.2624623042698719
2465.849009,6,240,43,53,2,0.189887,34,50,4,1,82,1,98,0,-0.29294228775297665
2466.039502,6,180,43,53,2,0.113676,34,94,4,1,82,1,142,0,-0.30674462384824314
2475.157871,3,417,25,1177,1,0,0,0,3,1,48,0,0,0,-0.2681010479776683
2434.397432,7,6,49,136,0,0,0,0,0,1,72,0,0,0,-0.2471371472909754
2489.457208,3,418,25,1177,1,2.994941,0,0,3,2,104,0,0,0,-0.2683371881387162
2489.162448,6,148,43,53,2,0.278443,34,50,4,1,82,1,98,0,-0.28894590457601893
2439.417293,10,6,52,136,0,0,0,0,0,1,72,0,0,0,-0.2721049480822897
2489.441503,6,451,43,53,2,0.015181,34,94,4,1,82,1,142,0,-0.2939018737319576
2498.451354,3,418,25,1177,1,0,0,0,3,1,48,0,0,0,-0.2649828055163303
2512.656834,3,419,25,1177,1,2.998972,0,0,3,2,104,0,0,0,-0.2693839368884122
2512.465581,6,497,43,53,2,0.175125,34,149,4,1,82,1,197,0,-0.26537261771397536
2512.641303,6,84,43,53,2,0.014994,34,94,4,1,82,1,142,0,-0.3058686713507092
2521.654527,3,419,25,1177,1,0,0,0,3,1,48,0,0,0,-0.26402635688065257
2471.680139,11,5,46,133,0,0,0,0,0,1,184,0,0,0,-0.24837560288041705
762.553166,11,7,45,135,0,1713.215752,616,888,0,38,2440,37,2664,1,0.042511842917226206
767.560616,11,6,45,136,0,1713.216032,912,912,0,38,2736,38,2736,1,0.055294767940173295
2536.706814,3,420,25,1177,1,2.993769,0,0,3,2,104,0,0,0,-0.26366759808318657
2536.656,3,234,37,53,2,0.024947,34,50,4,1,62,1,78,0,-0.21835653081904394
2536.681589,3,523,37,53,2,0.024757,34,94,4,1,62,1,122,0,-0.20296638073274637
2545.709163,3,420,25,1177,1,0,0,0,3,1,48,0,0,0,-0.2648731473925339
2535.658913,6,191,43,53,2,1.910274,34,149,4,1,82,1,197,0,-0.2326786155142314
2559.925185,3,421,25,1177,1,2.998434,0,0,3,2,104,0,0,0,-0.27003257614104986
2559.712555,6,229,43,53,2,0.196447,34,149,4,1,82,1,197,0,-0.29597375608726906
2559.909585,6,74,43,53,2,0.01504,34,94,4,1,82,1,142,0,-0.30378616865642616
2568.922333,3,421,25,1177,1,0,0,0,3,1,48,0,0,0,-0.2628934840684261
2526.328404,11,1,46,131,0,0,0,0,0,1,72,0,0,0,-0.2855976655433448
2527.486385,9,2,57,130,0,0,0,0,0,1,72,0,0,0,-0.29249903081273043
2583.866826,3,422,25,1177,1,3.00151,0,0,3,2,104,0,0,0,-0.2660468342880599
2529.119336,10,2,51,130,0,0,0,0,0,1,72,0,0,0,-0.3065981821755852
2529.265693,12,2,56,130,0,0,0,0,0,1,72,0,0,0,-0.29467357382115555
2529.619458,10,2,54,130,0,0,0,0,0,1,72,0,0,0,-0.306594307197657
2530.267506,12,2,55,130,0,0,0,0,0,1,72,0,0,0,-0.2965462908879485
2530.846387,9,2,60,130,0,0,0,0,0,1,72,0,0,0,-0.27667228302556984
2532.116173,10,2,53,130,0,0,0,0,0,1,72,0,0,0,-0.3057468031374649
2582.926807,6,483,43,53,2,0.827146,34,149,4,1,82,1,197,0,-0.23880731307787917
2583.754662,6,478,43,53,2,0.111585,34,94,4,1,82,1,142,0,-0.28029165150958035
2534.262199,12,2,50,130,0,0,0,0,0,1,72,0,0,0,-0.2976672845022217
2534.611436,10,2,59,130,0,0,0,0,0,1,72,0,0,0,-0.28696651006629403
2537.569457,6,0,43,4,0,0,0,0,0,1,245,0,0,0,-0.2049359145109358
2592.866461,3,422,25,1177,1,0,0,0,3,1,48,0,0,0,-0.26224936698896095
2542.584734,12,6,52,136,0,0,0,0,0,1,72,0,0,0,-0.2642592904708245
2607.320987,3,423,25,1177,1,2.990787,0,0,3,2,104,0,0,0,-0.2522848539193647
2606.872215,6,175,43,53,2,0.304169,34,149,4,1,82,1,197,0,-0.28964395565338835
2607.176961,6,415,43,53,2,0.143504,34,94,4,1,82,1,142,0,-0.2789808084385646
2616.310718,3,423,25,1177,1,0,0,0,3,1,48,0,0,0,-0.2578306594210917
2630.327076,3,424,25,1177,1,2.997457,0,0,3,2,104,0,0,0,-0.26307425080113955
2630.324956,6,66,43,53,2,0.000554,34,149,4,1,82,1,197,0,-0.28999249032316526
2630.326079,6,147,43,53,2,0.00048,34,94,4,1,82,1,142,0,-0.3066848905348519
2639.323802,3,424,25,1177,1,0,0,0,3,1,48,0,0,0,-0.256176797275821
2542.585366,11,7,45,135,0,50.682535,40,24,0,2,136,1,72,0,-0.16565586193713244
2547.592395,11,6,45,136,0,50.688267,48,48,0,2,144,2,144,0,-0.1506625945281409
2653.531056,3,425,25,1177,1,3.007204,0,0,3,2,104,0,0,0,-0.24664730282567365
2653.32851,6,228,43,53,2,0.186008,34,50,4,1,82,1,98,0,-0.2874959998453349
2653.515178,6,492,43,53,2,0.015355,34,94,4,1,82,1,142,0,-0.2862316863707056
2662.537133,3,425,25,1177,1,0,0,0,3,1,48,0,0,0,-0.2527672213209243
2676.680988,3,426,25,1177,1,3.000757,0,0,3,2,104,0,0,0,-0.2587342960926607
2676.541879,6,212,43,53,2,0.108899,34,149,4,1,82,1,197,0,-0.2968262208048584
2676.651363,6,486,43,53,2,0.029071,34,94,4,1,82,1,142,0,-0.285207315421742
2685.679901,3,426,25,1177,1,0,0,0,3,1,48,0,0,0,-0.25213908195754353
2699.697124,3,427,25,1177,1,2.997636,0,0,3,2,104,0,0,0,-0.25715966621368486
2699.69492,6,194,43,53,2,0.000657,34,149,4,1,82,1,197,0,-0.29830537964649695
2699.696136,6,130,43,53,2,0.000469,34,94,4,1,82,1,142,0,-0.305675425096135
2651.768436,11,1,46,131,0,0,0,0,0,1,72,0,0,0,-0.2794831758718764
2652.262039,12,2,50,130,0,0,0,0,0,1,72,0,0,0,-0.29057136444221077
2652.68058,10,2,51,130,0,0,0,0,0,1,72,0,0,0,-0.29966107389938235
2653.263455,12,2,56,130,0,0,0,0,0,1,72,0,0,0,-0.28898806433015317
2708.692955,3,427,25,1177,1,0,0,0,3,1,48,0,0,0,-0.24947842073793325
2654.198374,9,2,57,130,0,0,0,0,0,1,72,0,0,0,-0.2844880748669155
2656.164585,10,2,53,130,0,0,0,0,0,1,72,0,0,0,-0.2996810005949477
2656.16464,10,2,54,130,0,0,0,0,0,1,72,0,0,0,-0.3002178881719363
2657.177609,10,2,59,130,0,0,0,0,0,1,72,0,0,0,-0.2793745748693894
2657.614383,9,2,60,130,0,0,0,0,0,1,72,0,0,0,-0.27115821024345693
2658.520671,12,6,52,136,0,0,0,0,0,1,72,0,0,0,-0.2583135233459302
2658.761736,12,2,55,130,0,0,0,0,0,1,72,0,0,0,-0.2906125967562415
2722.699688,3,428,25,1177,1,3.007727,0,0,3,2,104,0,0,0,-0.24296448551008581
2722.69745,6,428,43,53,2,0.000637,34,149,4,1,82,1,197,0,-0.27557586065273104
2722.698724,6,40,43,53,2,0.000407,34,94,4,1,82,1,142,0,-0.2830457545215001
2731.706323,3,428,25,1177,1,0,0,0,3,1,48,0,0,0,-0.24947842073793325
2746.050521,3,429,25,1177,1,3.000923,0,0,3,2,104,0,0,0,-0.25203790905567025
2745.712888,6,109,43,53,2,0.335775,34,149,4,1,82,1,197,0,-0.2814653839820719
2746.049356,6,493,43,53,2,0.000532,34,94,4,1,82,1,142,0,-0.2874525925955338
2755.049766,3,429,25,1177,1,0,0,0,3,1,48,0,0,0,-0.2504747281665083
2769.066512,3,430,25,1177,1,2.997781,0,0,3,2,104,0,0,0,-0.24914232448059515
2769.064295,6,63,43,53,2,0.000629,34,149,4,1,82,1,197,0,-0.28668141651343876
2769.06545,6,514,43,53,2,0.000452,34,94,4,1,82,1,142,0,-0.2868984196775679
2778.062645,3,430,25,1177,1,0,0,0,3,1,48,0,0,0,-0.24829073833152115
2792.069859,3,431,25,1177,1,3.007646,0,0,3,2,104,0,0,0,-0.23878239429074077
2738.489878,11,5,46,133,0,0,0,0,0,1,184,0,0,0,-0.24011163935479057
2792.067809,6,233,43,53,2,0.000578,34,149,4,1,82,1,197,0,-0.29549894612748395
2792.068903,6,70,43,53,2,0.000471,34,94,4,1,82,1,142,0,-0.2954725385058165
2742.861307,7,6,49,136,0,0,0,0,0,1,72,0,0,0,-0.23757150531030474
2801.076487,3,431,25,1177,1,0,0,0,3,1,48,0,0,0,-0.2462425386201365
2747.865303,10,6,52,136,0,0,0,0,0,1,72,0,0,0,-0.26276755421223746
2815.185372,3,432,25,1177,1,2.995409,0,0,3,2,104,0,0,0,-0.24731465364429522
2815.080719,6,128,43,53,2,0.103093,34,149,4,1,82,1,197,0,-0.29099209055833514
2815.184367,6,134,43,53,2,0.000484,34,94,4,1,82,1,142,0,-0.3026918925382596
2824.179352,3,432,25,1177,1,0,0,0,3,1,48,0,0,0,-0.24042539528015106
2777.208396,11,1,46,131,0,0,0,0,0,1,72,0,0,0,-0.27195133095636026
2777.26185,12,2,56,130,0,0,0,0,0,1,72,0,0,0,-0.2820003155818035
2778.263121,12,2,55,130,0,0,0,0,0,1,72,0,0,0,-0.2828620771627894
2780.235645,10,2,59,130,0,0,0,0,0,1,72,0,0,0,-0.27228059232841584
2780.574413,9,2,57,130,0,0,0,0,0,1,72,0,0,0,-0.27777618045391467
2780.741634,10,2,53,130,0,0,0,0,0,1,72,0,0,0,-0.2923772138444717
2782.741254,10,2,51,130,0,0,0,0,0,1,72,0,0,0,-0.2923569205767993
2838.543555,3,433,25,1177,1,3.000568,0,0,3,2,104,0,0,0,-0.24624759354263626
2784.738644,10,2,54,130,0,0,0,0,0,1,72,0,0,0,-0.29292397802190767
2784.762409,12,2,50,130,0,0,0,0,0,1,72,0,0,0,-0.28309999654372925
2786.06239,9,2,60,130,0,0,0,0,0,1,72,0,0,0,-0.2638287963238451
2838.193274,6,179,43,53,2,0.237093,34,50,4,1,82,1,98,0,-0.28391709422171124
2838.430946,6,58,43,53,2,0.111997,34,94,4,1,82,1,142,0,-0.2836881978081323
2847.542559,3,433,25,1177,1,0,0,0,3,1,48,0,0,0,-0.23728546295117192
2861.549825,3,434,25,1177,1,3.007879,0,0,3,2,104,0,0,0,-0.23268899361200507
2861.54798,6,510,43,53,2,0.00041,34,50,4,1,82,1,98,0,-0.24979345866686709
2861.548901,6,465,43,53,2,0.000484,34,94,4,1,82,1,142,0,-0.2805233281973368
2870.555857,3,434,25,1177,1,0,0,0,3,1,48,0,0,0,-0.2373499245637684
2884.562046,3,435,25,1177,1,2.998703,0,0,3,2,104,0,0,0,-0.2437794970189695
2884.560136,6,83,43,53,2,0.000434,34,50,4,1,82,1,98,0,-0.2807073197183134
2884.561057,6,498,43,53,2,0.00052,34,94,4,1,82,1,142,0,-0.27807834639491663
2893.569028,3,435,25,1177,1,0,0,0,3,1,48,0,0,0,-0.23540923778908834
2838.989035,7,6,49,136,0,0,0,0,0,1,72,0,0,0,-0.23526147192514857
2843.993248,10,6,52,136,0,0,0,0,0,1,72,0,0,0,-0.260584287619376
762.552641,11,6,42,136,0,2085.216004,1320,1320,0,55,3960,55,3960,1,0.0663199817649558
2907.71172,3,436,25,1177,1,3.001691,0,0,3,2,104,0,0,0,-0.23792540389200356
2658.52094,11,7,45,135,0,194.740652,88,96,0,5,328,4,288,0,-0.08024433493531702
2907.584024,6,188,43,53,2,0.096893,34,149,4,1,82,1,197,0,-0.2881668450268564
2907.681491,6,482,43,53,2,0.02971,34,94,4,1,82,1,142,0,-0.2765888606430976
2663.528369,11,6,45,136,0,194.736325,120,120,0,5,360,5,360,0,-0.07667435721946181
2916.711939,3,436,25,1177,1,0,0,0,3,1,48,0,0,0,-0.23483095372702556
2930.719867,3,437,25,1177,1,3.007164,0,0,3,2,104,0,0,0,-0.22862189847650377
2930.717488,6,257,43,53,2,0.000656,34,149,4,1,82,1,197,0,-0.29108585809368764
2930.718742,6,473,43,53,2,0.000607,34,94,4,1,82,1,142,0,-0.28032429965443817
2939.725782,3,437,25,1177,1,0,0,0,3,1,48,0,0,0,-0.231936892446594
2953.86431,3,438,25,1177,1,2.995432,0,0,3,2,104,0,0,0,-0.23496618078176285
2902.648404,11,1,46,131,0,0,0,0,0,1,72,0,0,0,-0.26928328290530906
2902.762442,12,2,55,130,0,0,0,0,0,1,72,0,0,0,-0.2799807037764797
2902.76259,12,2,50,130,0,0,0,0,0,1,72,0,0,0,-0.2802202796402041
2903.022403,9,2,57,130,0,0,0,0,0,1,72,0,0,0,-0.2742881719523268
2903.262892,12,2,56,130,0,0,0,0,0,1,72,0,0,0,-0.27883030516737894
2903.674367,9,2,60,130,0,0,0,0,0,1,72,0,0,0,-0.2603847615659002
2953.730247,6,320,43,53,2,0.102738,34,149,4,1,82,1,197,0,-0.2758437519794936
2953.833539,6,528,43,53,2,0.03023,34,94,4,1,82,1,142,0,-0.2698243077298175
2962.868562,3,438,25,1177,1,0,0,0,3,1,48,0,0,0,-0.22788989746593652
2908.294164,10,2,53,130,0,0,0,0,0,1,72,0,0,0,-0.289504953612538
2908.294276,10,2,54,130,0,0,0,0,0,1,72,0,0,0,-0.2900556018254286
2908.796852,10,2,51,130,0,0,0,0,0,1,72,0,0,0,-0.28920889870241456
2910.292865,10,2,59,130,0,0,0,0,0,1,72,0,0,0,-0.27006686181323586
2912.696437,11,6,42,136,0,0.000259,24,24,0,1,72,1,72,0,-0.20104161677463722
2917.263076,12,6,44,136,0,0.000294,24,16,0,1,72,1,64,0,-0.19746315005616366
2922.264448,11,6,45,136,0,0.000247,24,24,0,1,72,1,72,0,-0.20308240678467426
2977.347562,3,439,25,1177,1,2.996306,0,0,3,2,104,0,0,0,-0.23335497891074508
2976.873849,6,87,43,53,2,0.310671,34,149,4,1,82,1,197,0,-0.2710074905180596
2977.185122,6,519,43,53,2,0.161855,34,94,4,1,82,1,142,0,-0.2562795921405683
2986.342683,3,439,25,1177,1,0,0,0,3,1,48,0,0,0,-0.22569164012534065
3000.348968,3,440,25,1177,1,3.007906,0,0,3,2,104,0,0,0,-0.2213168445680616
3000.346928,6,223,43,53,2,0.000609,34,149,4,1,82,1,197,0,-0.2875649868367132
3000.34806,6,479,43,53,2,0.000468,34,94,4,1,82,1,142,0,-0.27569125798181776
3009.355477,3,440,25,1177,1,0,0,0,3,1,48,0,0,0,-0.22434889431757327
3023.362477,3,441,25,1177,1,2.99794,0,0,3,2,104,0,0,0,-0.23045944501485005
3023.360285,6,190,43,53,2,0.000642,34,149,4,1,82,1,197,0,-0.28655861653967213
3023.361477,6,100,43,53,2,0.000455,34,94,4,1,82,1,142,0,-0.29276516173129963
